thang,nam,quy,store_id,thanh_pho,don_tai_quan,don_nen_tang,don_online_rieng,AOV_tai_quan,AOV_nen_tang,AOV_online_rieng,ty_le_gia_von,ty_le_phi_nen_tang,ty_le_nhuong_quyen,luong_VND,thue_VND,khac_VND,khau_hao_VND,DT_tai_quan,DT_nen_tang,DT_online_rieng,DT_tong,tong_don,gia_von_VND,phi_nen_tang_VND,phi_nhuong_quyen_VND,loi_nhuan_gop,LN_van_hanh_mo_hinh,bien_LN_van_hanh,AOV_tong,ty_trong_DT_online,loai_du_lieu,phien_ban
2023-01-01,2023,1,SIM001,TP.HCM,2311,575,271,108425,117099,112762,0.42897654816508296,0.22,0.04,87045658,44795637,45596777,9714103,250570175,67331925,30558502,348460602,3157,149481426.2174868,14813023.5,13938424.08,198979175.7825132,-16924446.797486797,-0.04856918314537836,110377.1308203991,0.2809225101436288,MO_PHONG,HCM_SIM_v1
2023-01-01,2023,1,SIM002,TP.HCM,2155,869,330,120866,130535,125701,0.4269082031678409,0.22,0.04,93913205,81856533,42281473,11659160,260466230,113434915,41481330,415382475,3354,177330186.02966058,24955681.3,16615299,238052288.97033942,-33229062.32966058,-0.0799963029967997,123846.89177101968,0.3729484374611616,MO_PHONG,HCM_SIM_v1
2023-01-01,2023,1,SIM003,TP.HCM,1576,688,291,112987,122026,117506,0.4153751189820468,0.22,0.04,68865838,72268803,52158825,13855991,178067512,83953888,34194246,296215646,2555,123040609.20159386,18469855.36,11848625.84,173175036.79840612,-64292901.40159388,-0.21704762145343895,115935.67358121331,0.3988585194449857,MO_PHONG,HCM_SIM_v1
2023-01-01,2023,1,SIM004,TP.HCM,1102,441,207,100376,108406,104391,0.40467481144703926,0.22,0.04,70451719,65524221,44560340,11871448,110614352,47807046,21608937,180030335,1750,72853741.87087232,10517550.12,7201213.4,107176593.12912768,-102949898.39087231,-0.5718475077595802,102874.47714285714,0.3855793691657575,MO_PHONG,HCM_SIM_v1
2023-01-01,2023,1,SIM005,TP.HCM,2214,1036,474,124081,134007,129044,0.44385588955134153,0.22,0.04,70513839,55654397,53881250,11020902,274715334,138831252,61166856,474713442,3724,210704357.08088917,30542875.44,18988537.68,264009084.91911083,23407283.79911083,0.04930823888300772,127474.07142857143,0.4213028119814648,MO_PHONG,HCM_SIM_v1
2023-01-01,2023,1,SIM006,TP.HCM,1854,582,353,112551,121555,117053,0.44752037352882323,0.22,0.04,98498762,43163847,44281583,10232776,208669554,70745010,41319709,320734273,2789,143535121.65645558,15563902.2,12829370.92,177199151.34354442,-47371089.776455574,-0.1476957524163798,114999.7393330943,0.34940051136973443,MO_PHONG,HCM_SIM_v1
2023-01-01,2023,1,SIM007,TP.HCM,1474,696,316,119397,128949,124173,0.40461738029494887,0.22,0.04,90146246,47264347,54635080,12563030,175991178,89748504,39238668,304978350,2486,123399541.02367602,19744670.88,12199134,181578808.97632396,-54973698.90367603,-0.18025443085935783,122678.33869670152,0.42293878237586374,MO_PHONG,HCM_SIM_v1
2023-01-01,2023,1,SIM008,TP.HCM,2430,794,418,120021,129623,124822,0.4027085152734071,0.22,0.04,60829941,55529994,47620203,11280277,291651030,102920662,52175596,446747288,3642,179908937.0529012,22642545.64,17869891.52,266838350.9470988,51065498.787098795,0.11430511199230559,122665.37287204832,0.3471677661309049,MO_PHONG,HCM_SIM_v1
2023-01-01,2023,1,SIM009,TP.HCM,2651,1130,403,119287,128830,124058,0.4555471871048212,0.22,0.04,71933910,86212123,53727143,10670640,316229837,145577900,49995374,511803111,4184,233150467.56754658,32027138,20472124.44,278652643.4324534,3609564.9924533963,0.0070526437117600805,122323.87930210325,0.38212599688554844,MO_PHONG,HCM_SIM_v1
2023-01-01,2023,1,SIM010,TP.HCM,2502,705,404,111987,120946,116466,0.46361429366283124,0.22,0.04,62054752,57721424,44430930,9335984,280191474,85266930,47052264,412510668,3611,191245841.97320268,18758724.6,16500426.72,221264826.02679732,12462584.706797324,0.03021154523644301,114237.2384381058,0.3207655080571153,MO_PHONG,HCM_SIM_v1
2023-01-01,2023,1,SIM011,TP.HCM,2196,831,441,99872,107862,103867,0.4459688532911241,0.22,0.04,63335440,54662449,47407740,13290946,219318912,89633322,45805347,354757581,3468,158210831.59490308,19719330.84,14190303.24,196546749.40509692,-16059459.67490308,-0.04526882732043175,102294.57352941176,0.38177808242524913,MO_PHONG,HCM_SIM_v1
2023-01-01,2023,1,SIM012,TP.HCM,2273,737,303,94363,101912,98138,0.39831726015545427,0.22,0.04,102358078,41275136,42310559,8551095,214487099,75109144,29735814,319332057,3313,127195470.02404535,16524011.68,12773282.280000001,192136586.97595465,-31655574.98404535,-0.09913058927261208,96387.5813462119,0.3283258154066255,MO_PHONG,HCM_SIM_v1
2023-02-01,2023,1,SIM001,TP.HCM,2237,557,263,110945,119821,115383,0.4400950820930302,0.22,0.04,87045658,44795637,25596777,9714103,248183965,66740297,30345729,345269991,3057,151951625.0334048,14682865.34,13810799.64,193318365.9665952,-2327474.0134047978,-0.006741026078356163,112944.0598626104,0.28118871761432634,MO_PHONG,HCM_SIM_v1
2023-02-01,2023,1,SIM002,TP.HCM,2309,932,353,121723,131461,126592,0.42618775655515495,0.22,0.04,93913205,81856533,22281473,11659160,281058407,122521652,44686976,448267035,3594,191045921.98428112,26954763.44,17930681.400000002,257221113.01571888,2625297.1757188737,0.005856547483396529,124726.49833055092,0.37301120748261135,MO_PHONG,HCM_SIM_v1
2023-02-01,2023,1,SIM003,TP.HCM,1705,744,314,114928,124122,119525,0.3983104893565178,0.22,0.04,68865838,72268803,32158825,13855991,195952240,92346768,37530850,325829858,2763,129781450.18694471,20316288.96,13033194.32,196048407.81305528,-24450532.466944724,-0.07504079772500384,117926.11581614187,0.3986056366878446,MO_PHONG,HCM_SIM_v1
2023-02-01,2023,1,SIM004,TP.HCM,1174,469,221,103696,111992,107844,0.4163795328419656,0.22,0.04,70451719,65524221,24560340,11871448,121739104,52524248,23833524,198096876,1864,82483484.68633279,11555334.56,7923875.04,115613391.31366721,-76273546.28633279,-0.38503154530479716,106275.14806866953,0.38545671967083417,MO_PHONG,HCM_SIM_v1
2023-02-01,2023,1,SIM005,TP.HCM,2460,1151,526,124427,134381,129404,0.4532413144223392,0.22,0.04,70513839,55654397,33881250,11020902,306090420,154672531,68066504,528829455,4137,239687357.2894493,34027956.82,21153178.2,289142097.71055067,62890574.69055067,0.11892411456270088,127829.21319796954,0.4211925657582746,MO_PHONG,HCM_SIM_v1
2023-02-01,2023,1,SIM006,TP.HCM,1921,603,365,118918,128431,123675,0.44124108538962903,0.22,0.04,98498762,43163847,24281583,10232776,228441478,77443893,45141375,351026746,2889,154887422.4058296,17037656.46,14041069.84,196139323.5941704,-11116370.70582961,-0.03166815871583076,121504.58497750087,0.34921916747620135,MO_PHONG,HCM_SIM_v1
2023-02-01,2023,1,SIM007,TP.HCM,1754,828,376,123791,133694,128743,0.40425652410835033,0.22,0.04,90146246,47264347,34635080,12563030,217129414,110698632,48407368,376235414,2958,152095620.71010616,24353699.04,15049416.56,224139793.28989384,127974.6898938343,0.00034014525249830496,127192.49966193373,0.4228894837634822,MO_PHONG,HCM_SIM_v1
2023-02-01,2023,1,SIM008,TP.HCM,2812,918,483,120694,130350,125522,0.40015032648108906,0.22,0.04,60829941,55529994,27620203,11280277,339391528,119661300,60627126,519679954,4213,207950103.25877735,26325486,20787198.16,311729850.7412226,109356751.58122262,0.21043095993889852,123351.52005696653,0.3469220327093856,MO_PHONG,HCM_SIM_v1
2023-02-01,2023,1,SIM009,TP.HCM,2654,1132,404,114629,123799,119214,0.46372063348069786,0.22,0.04,71933910,86212123,33727143,10670640,304225366,140140468,48162456,492528290,4190,228395530.64596486,30830902.96,19701131.6,264132759.35403514,11056908.794035137,0.02244928670804907,117548.51789976134,0.3823190014120813,MO_PHONG,HCM_SIM_v1
2023-02-01,2023,1,SIM010,TP.HCM,2375,669,384,109797,118581,114189,0.458831355990842,0.22,0.04,62054752,57721424,24430930,9335984,260767875,79330689,43848576,383947140,3428,176166986.87500566,17452751.580000002,15357885.6,207780153.12499434,21426425.944994338,0.05580566623049813,112003.24970828471,0.3208234992973251,MO_PHONG,HCM_SIM_v1
2023-02-01,2023,1,SIM011,TP.HCM,2422,917,487,100486,108525,104505,0.45638938151299957,0.22,0.04,63335440,54662449,27407740,13290946,243377092,99517425,50893935,393788452,3826,179720868.05524153,21893833.5,15751538.08,214067583.94475847,17725637.364758477,0.04501309592684165,102924.32096184004,0.3819598041437741,MO_PHONG,HCM_SIM_v1
2023-02-01,2023,1,SIM012,TP.HCM,2254,730,301,95917,103590,99754,0.41055677766911686,0.22,0.04,102358078,41275136,22310559,8551095,216196918,75620700,30025954,321843572,3285,132135059.8338384,16636554,12873742.88,189708512.1661616,-14296652.713838406,-0.04442112242601634,97973.6901065449,0.3282546652819277,MO_PHONG,HCM_SIM_v1
2023-03-01,2023,1,SIM001,TP.HCM,2826,703,332,106740,115279,111010,0.44132913012057545,0.22,0.04,87045658,44795637,25596777,9714103,301647240,81041137,36855320,419543697,3861,185156854.8445803,17829050.14,16781747.88,234386842.1554197,32623869.13541971,0.07776036052668839,108661.92618492618,0.28101115055007014,MO_PHONG,HCM_SIM_v1
2023-03-01,2023,1,SIM002,TP.HCM,2931,1182,448,123936,133851,128893,0.43763328700326387,0.22,0.04,93913205,81856533,22281473,11659160,363256416,158211882,57744064,579212362,4561,253482609.85498437,34806614.04,23168494.48,325729752.1450156,58044272.6250156,0.1002124202332125,126992.40561280421,0.37284415901330503,MO_PHONG,HCM_SIM_v1
2023-03-01,2023,1,SIM003,TP.HCM,1922,839,355,115011,124212,119611,0.40538162367418407,0.22,0.04,68865838,72268803,32158825,13855991,221051142,104213868,42461905,367726915,3116,149069733.87139866,22927050.96,14709076.6,218657181.12860134,-6128403.43139866,-0.016665637410301228,118012.48876765084,0.39887146416791386,MO_PHONG,HCM_SIM_v1
2023-03-01,2023,1,SIM004,TP.HCM,1434,574,270,100681,108735,104708,0.4109508076030761,0.22,0.04,70451719,65524221,24560340,11871448,144376554,62413890,28271160,235061604,2278,96598756.00027446,13731055.8,9402464.16,138462847.99972552,-57078399.96027448,-0.24282315354350462,103187.71027216857,0.385792696283992,MO_PHONG,HCM_SIM_v1
2023-03-01,2023,1,SIM005,TP.HCM,3355,1569,718,120766,130427,125597,0.44134246453642845,0.22,0.04,70513839,55654397,33881250,11020902,405169930,204639963,90178646,699988539,5642,308934666.94951385,45020791.86,27999541.560000002,391053872.05048615,146963150.63048613,0.209950795537934,124067.44753633463,0.4211763372885738,MO_PHONG,HCM_SIM_v1
2023-03-01,2023,1,SIM006,TP.HCM,2515,790,479,118955,128471,123713,0.4360372620355338,0.22,0.04,98498762,43163847,24281583,10232776,299171825,101492090,59258527,459922442,3784,200543322.3583766,22328259.8,18396897.68,259379119.6416234,42476994.1616234,0.09235686342442799,121543.9857293869,0.34951679309443223,MO_PHONG,HCM_SIM_v1
2023-03-01,2023,1,SIM007,TP.HCM,2276,1074,488,120523,130165,125344,0.4135211770050228,0.22,0.04,90146246,47264347,34635080,12563030,274310348,139797210,61167872,475275430,3838,196536455.21516833,30755386.2,19011017.2,278738974.78483164,44363868.384831645,0.09334349218269425,123834.1401771756,0.4228391987357731,MO_PHONG,HCM_SIM_v1
2023-03-01,2023,1,SIM008,TP.HCM,3016,984,518,119187,128722,123954,0.395615775519982,0.22,0.04,60829941,55529994,27620203,11280277,359467992,126662448,64208172,550338612,4518,217722636.78497046,27865738.56,22013544.48,332615975.21502954,127476277.17502955,0.23163244300043687,121810.22841965471,0.3468239658968359,MO_PHONG,HCM_SIM_v1
2023-03-01,2023,1,SIM009,TP.HCM,3467,1479,527,114549,123713,119131,0.4633391208574176,0.22,0.04,71933910,86212123,33727143,10670640,397141383,182971527,62782037,642894947,5473,297878379.5466561,40253735.94,25715797.88,345016567.4533439,76503217.63334394,0.11899800735771522,117466.64480175407,0.38226084237678726,MO_PHONG,HCM_SIM_v1
2023-03-01,2023,1,SIM010,TP.HCM,2993,843,484,109762,118543,114152,0.4547777708526701,0.22,0.04,62054752,57721424,24430930,9335984,328517666,99931749,55249568,483698983,4320,219975545.25244358,21984984.78,19347959.32,263723437.74755642,68847403.64755642,0.14233522514467728,111967.35717592592,0.3208220865744512,MO_PHONG,HCM_SIM_v1
2023-03-01,2023,1,SIM011,TP.HCM,3164,1198,635,98584,106471,102527,0.453504830095917,0.22,0.04,63335440,54662449,27407740,13290946,311919776,127552258,65104645,504576679,4997,228827961.08025706,28061496.76,20183067.16,275748717.91974294,68807578.99974294,0.1363669425549153,100975.92135281168,0.3818188810902218,MO_PHONG,HCM_SIM_v1
2023-03-01,2023,1,SIM012,TP.HCM,2537,822,338,94575,102141,98358,0.41029258449561895,0.22,0.04,102358078,41275136,22310559,8551095,239936775,83959902,33245004,357141681,3697,146532583.3285999,18471178.44,14285667.24,210609097.6714001,3357383.9914001003,0.009400706134325722,96603.1054909386,0.32817481754530914,MO_PHONG,HCM_SIM_v1
2023-04-01,2023,2,SIM001,TP.HCM,3483,867,409,107831,116457,112144,0.432608582880348,0.22,0.04,87045658,44795637,25596777,9714103,375575373,100968219,45866896,522410488,4759,225999260.89551103,22213008.18,20896419.52,296411227.10448897,86149624.40448897,0.16490791510389616,109773.16411010716,0.28107229539388573,MO_PHONG,HCM_SIM_v1
2023-04-01,2023,2,SIM002,TP.HCM,3182,1284,487,125469,135507,130488,0.4391310183051974,0.22,0.04,93913205,81856533,22281473,11659160,399242358,173990988,63547656,636781002,4953,279630289.84566396,38278017.36,25471240.080000002,357150712.15433604,83691083.71433604,0.13142836147981696,128564.70866141732,0.37303035620399994,MO_PHONG,HCM_SIM_v1
2023-04-01,2023,2,SIM003,TP.HCM,2534,1106,467,115516,124757,120137,0.4144312772527337,0.22,0.04,68865838,72268803,32158825,13855991,292717544,137981242,56103979,486802765,4107,201746291.66911238,30355873.24,19472110.6,285056473.3308876,48079032.49088761,0.09876491250185815,118530.01339177015,0.39869375228384335,MO_PHONG,HCM_SIM_v1
2023-04-01,2023,2,SIM004,TP.HCM,1967,787,370,99135,107066,103100,0.40972529134713115,0.22,0.04,70451719,65524221,24560340,11871448,194998545,84260942,38147000,317406487,3124,130049465.3615444,18537407.24,12696259.48,187357021.6384556,-16284373.0815444,-0.05130447469885642,101602.58866837388,0.38565041047822063,MO_PHONG,HCM_SIM_v1
2023-04-01,2023,2,SIM005,TP.HCM,3881,1816,831,125862,135931,130896,0.4407219056971371,0.22,0.04,70513839,55654397,33881250,11020902,488470422,246850696,108774576,844095694,6528,372011462.8504275,54307153.12,33763827.76,472084231.1495725,212942862.2695725,0.252273366376837,129303.87469362745,0.4213091886712077,MO_PHONG,HCM_SIM_v1
2023-04-01,2023,2,SIM006,TP.HCM,2535,796,483,117577,126983,122280,0.44671216522343454,0.22,0.04,98498762,43163847,24281583,10232776,298057695,101078468,59061240,458197403,3814,204682353.99388462,22237262.96,18327896.12,253515049.00611538,36772921.92611538,0.08025563149277688,120135.65888830624,0.3494993794192238,MO_PHONG,HCM_SIM_v1
2023-04-01,2023,2,SIM007,TP.HCM,2777,1311,595,122651,132463,127557,0.41350993841886524,0.22,0.04,90146246,47264347,34635080,12563030,340601827,173658993,75896415,590157235,4683,244035881.9022978,38204978.46,23606289.400000002,346121353.0977022,99701382.2377022,0.16894037101434875,126021.19047619047,0.42286257492039386,MO_PHONG,HCM_SIM_v1
2023-04-01,2023,2,SIM008,TP.HCM,4055,1324,697,121861,131610,126735,0.40552322882227604,0.22,0.04,60829941,55529994,27620203,11280277,494146355,174251640,88334295,756732290,6076,306872521.594875,38335360.8,30269291.6,449859768.405125,225994701.00512502,0.298645510428959,124544.48485845952,0.3469997758388241,MO_PHONG,HCM_SIM_v1
2023-04-01,2023,2,SIM009,TP.HCM,4249,1812,646,114647,123819,119233,0.45831981403753164,0.22,0.04,71933910,86212123,33727143,10670640,487135103,224360028,77024518,788519649,6707,361394178.8946197,49359206.160000004,31540785.96,427125470.1053803,143681661.9853803,0.18221697096273665,117566.66900253466,0.38221564469853814,MO_PHONG,HCM_SIM_v1
2023-04-01,2023,2,SIM010,TP.HCM,3481,980,562,110727,119585,115156,0.46086548835970464,0.22,0.04,62054752,57721424,24430930,9335984,385440687,117193300,64717672,567351659,5023,261472799.39672363,25782526,22694066.36,305878859.6032764,103859177.24327637,0.1830596167222565,112950.75831176588,0.32063177945162225,MO_PHONG,HCM_SIM_v1
2023-04-01,2023,2,SIM011,TP.HCM,3669,1389,737,96625,104355,100490,0.44835055079311137,0.22,0.04,63335440,54662449,27407740,13290946,354517125,144949095,74061130,573527350,5795,257141303.26741356,31888800.9,22941094,316386046.73258644,102859576.83258644,0.17934554791953067,98969.34426229508,0.3818653548082755,MO_PHONG,HCM_SIM_v1
2023-04-01,2023,2,SIM012,TP.HCM,3443,1116,459,98218,106075,102147,0.4076050801482052,0.22,0.04,102358078,41275136,22310559,8551095,338164574,118379700,46885473,503429747,5018,205200522.37492564,26043534,20137189.88,298229224.6250744,77553632.74507439,0.15405055662130826,100324.78019131128,0.3282785214517727,MO_PHONG,HCM_SIM_v1
2023-05-01,2023,2,SIM001,TP.HCM,3620,900,425,109202,117938,113570,0.4432982217520476,0.22,0.04,87045658,44795637,25596777,9714103,395311240,106144200,48267250,549722690,4945,243691090.93375212,23351724,21988907.6,306031599.0662479,93538792.46624789,0.1701563245756654,111167.37917087968,0.28088971550364783,MO_PHONG,HCM_SIM_v1
2023-05-01,2023,2,SIM002,TP.HCM,2956,1193,452,118809,128314,123561,0.4326862080674619,0.22,0.04,93913205,81856533,22281473,11659160,351199404,153078602,55849572,560127578,4601,242359477.7588315,33677292.44,22405103.12,317768100.2411685,51975333.6811685,0.09279195619460912,121740.39947837427,0.37300104870037304,MO_PHONG,HCM_SIM_v1
2023-05-01,2023,2,SIM003,TP.HCM,2401,1049,443,114448,123604,119026,0.4067648061178625,0.22,0.04,68865838,72268803,32158825,13855991,274789648,129660596,52728518,457178762,3893,185964230.48613438,28525331.12,18287150.48,271214531.5138656,37252592.91386559,0.08148364712065428,117436.1063447213,0.3989448529982239,MO_PHONG,HCM_SIM_v1
2023-05-01,2023,2,SIM004,TP.HCM,1765,706,332,99624,107594,103609,0.419224957684055,0.22,0.04,70451719,65524221,24560340,11871448,175836360,75961364,34398188,286195912,2803,119980469.09754953,16711500.08,11447836.48,166215442.90245047,-34351621.65754953,-0.12002834498051645,102103.42918301819,0.38560841497973597,MO_PHONG,HCM_SIM_v1
2023-05-01,2023,2,SIM005,TP.HCM,3666,1715,784,123063,132908,127986,0.43596864718943834,0.22,0.04,70513839,55654397,33881250,11020902,451148958,227937220,100341024,779427202,6165,339805822.8385891,50146188.4,31177088.080000002,439621379.1614109,187227714.6814109,0.24021193281551764,126427.7699918897,0.4211788389700056,MO_PHONG,HCM_SIM_v1
2023-05-01,2023,2,SIM006,TP.HCM,2655,833,505,119445,129001,124223,0.4527044479455799,0.22,0.04,98498762,43163847,24281583,10232776,317126475,107457833,62732615,487316923,3993,220610538.60125366,23640723.26,19492676.92,266706384.39874634,47396016.218746334,0.09725912231196275,122042.80565990483,0.349239765679141,MO_PHONG,HCM_SIM_v1
2023-05-01,2023,2,SIM007,TP.HCM,2425,1144,520,119849,129437,124643,0.40759626435115937,0.22,0.04,90146246,47264347,34635080,12563030,290633825,148075928,64814360,503524113,4089,205234547.46953103,32576704.16,20140964.52,298289565.53046894,60963193.85046894,0.12107303756964057,123141.13793103448,0.4228005819455165,MO_PHONG,HCM_SIM_v1
2023-05-01,2023,2,SIM008,TP.HCM,3442,1124,591,121121,130811,125966,0.3938774938602001,0.22,0.04,60829941,55529994,27620203,11280277,416898482,147031564,74445906,638375952,5157,251441920.1143794,32346944.080000002,25535038.080000002,386934031.8856206,173791634.7256206,0.27224025933486384,123788.2396742292,0.34693893043138946,MO_PHONG,HCM_SIM_v1
2023-05-01,2023,2,SIM009,TP.HCM,3656,1559,556,116883,126234,121558,0.44924865528941155,0.22,0.04,71933910,86212123,33727143,10670640,427324248,196798806,67586248,691709302,5771,310749473.77467746,43295737.32,27668372.080000002,380959828.22532254,107451902.82532254,0.155342573122318,119859.52209322475,0.382219890979578,MO_PHONG,HCM_SIM_v1
2023-05-01,2023,2,SIM010,TP.HCM,3911,1101,632,111562,120487,116024,0.4672246135305614,0.22,0.04,62054752,57721424,24430930,9335984,436318982,132656187,73327168,642302337,5644,300099461.1746014,29184361.14,25692093.48,342202875.8253986,133783331.20539862,0.2082871624448077,113802.68196314671,0.3206953223338498,MO_PHONG,HCM_SIM_v1
2023-05-01,2023,2,SIM011,TP.HCM,3851,1458,774,95705,103361,99533,0.4424435390345753,0.22,0.04,63335440,54662449,27407740,13290946,368559955,150700338,77038542,596298835,6083,263828566.87959427,33154074.36,23851953.400000002,332470268.12040573,116767665.36040573,0.19582071690682698,98027.09764918625,0.3819207193319437,MO_PHONG,HCM_SIM_v1
2023-05-01,2023,2,SIM012,TP.HCM,3215,1042,429,95830,103496,99663,0.41234738447703423,0.22,0.04,102358078,41275136,22310559,8551095,308093450,107842832,42755427,458691709,4686,189140326.4874509,23725423.04,18347668.36,269551382.5125491,52983423.112549104,0.11550987749061124,97885.5546308152,0.3283213017482293,MO_PHONG,HCM_SIM_v1
2023-06-01,2023,2,SIM001,TP.HCM,3879,965,456,108679,117373,113026,0.43206222081556916,0.22,0.04,87045658,44795637,25596777,9714103,421565841,113264945,51539856,586370642,5300,253348601.80357105,24918287.9,23454825.68,333022040.19642895,117496751.61642896,0.20037966296482654,110635.97018867925,0.2810590933370774,MO_PHONG,HCM_SIM_v1
2023-06-01,2023,2,SIM002,TP.HCM,3567,1439,546,122394,132186,127290,0.4373589387256652,0.22,0.04,93913205,81856533,22281473,11659160,436579398,190215654,69500340,696295392,5552,304531013.6846911,41847443.88,27851815.68,391764378.3153089,112354747.75530893,0.16136075155199206,125413.43515850144,0.37299685878145233,MO_PHONG,HCM_SIM_v1
2023-06-01,2023,2,SIM003,TP.HCM,2400,1047,442,115849,125117,120483,0.41020802833139897,0.22,0.04,68865838,72268803,32158825,13855991,278037600,130997499,53253486,462288585,3889,189634488.97296235,28819449.78,18491543.400000002,272654096.0270376,38193645.84703761,0.08261862197405893,118870.81126253535,0.39856269650266185,MO_PHONG,HCM_SIM_v1
2023-06-01,2023,2,SIM004,TP.HCM,2000,799,376,100229,108247,104238,0.41490343610756103,0.22,0.04,70451719,65524221,24560340,11871448,200458000,86489353,39193488,326140841,3175,135316955.58590972,19027657.66,13045633.64,190823885.41409028,-13657133.885909725,-0.041874957592047554,102721.52472440945,0.38536369935956594,MO_PHONG,HCM_SIM_v1
2023-06-01,2023,2,SIM005,TP.HCM,3746,1753,802,120940,130615,125778,0.4525274874828756,0.22,0.04,70513839,55654397,33881250,11020902,453041240,228968095,100873956,782883291,6301,354276208.66855496,50372980.9,31315331.64,428607082.33144504,175848381.79144505,0.22461634296323876,124247.46722742422,0.4213170146710923,MO_PHONG,HCM_SIM_v1
2023-06-01,2023,2,SIM006,TP.HCM,2840,892,540,115358,124587,119972,0.4367856641951948,0.22,0.04,98498762,43163847,24281583,10232776,327616720,111131604,64784880,503533204,4272,219936084.95347452,24448952.88,20141328.16,283597119.0465255,62829870.00652548,0.12477800770120709,117868.25936329587,0.34936421789574773,MO_PHONG,HCM_SIM_v1
2023-06-01,2023,2,SIM007,TP.HCM,2671,1260,572,123657,133550,128603,0.41298242244869476,0.22,0.04,90146246,47264347,34635080,12563030,330287847,168273000,73560916,572121763,4503,236276231.61935803,37020060,22884870.52,335845531.38064194,91331897.86064194,0.15963716776255887,127053.46724405952,0.4226965860062904,MO_PHONG,HCM_SIM_v1
2023-06-01,2023,2,SIM008,TP.HCM,4121,1345,708,121538,131261,126400,0.41193412578664723,0.22,0.04,60829941,55529994,27620203,11280277,500858098,176546045,89491200,766895343,6174,315910362.68855596,38840129.9,30675813.72,450984980.31144404,226208621.69144404,0.29496674318889954,124213.69339164237,0.3469016306179343,MO_PHONG,HCM_SIM_v1
2023-06-01,2023,2,SIM009,TP.HCM,4390,1872,668,121442,131157,126300,0.46398705380037425,0.22,0.04,71933910,86212123,33727143,10670640,533130380,245525904,84368400,863024684,6930,400432280.48615897,54015698.88,34520987.36,462592403.51384103,171511901.27384102,0.19873348289287288,124534.58643578643,0.3822536135015114,MO_PHONG,HCM_SIM_v1
2023-06-01,2023,2,SIM010,TP.HCM,3743,1054,605,111592,120519,116056,0.4582251348067075,0.22,0.04,62054752,57721424,24430930,9335984,417688856,127027026,70213880,614929762,5402,281776273.08910656,27945945.72,24597190.48,333153488.91089344,127067262.71089344,0.20663703493163083,113833.72121436505,0.320753552988707,MO_PHONG,HCM_SIM_v1
2023-06-01,2023,2,SIM011,TP.HCM,4071,1541,818,98173,106027,102100,0.4581449827551842,0.22,0.04,63335440,54662449,27407740,13290946,399662283,163387607,83517800,646567690,6430,296221743.1851093,35945273.54,25862707.6,350345946.8148907,129841390.67489068,0.20081639197728962,100554.85069984448,0.38187093295676433,MO_PHONG,HCM_SIM_v1
2023-06-01,2023,2,SIM012,TP.HCM,3505,1136,468,95339,102966,99153,0.40629011305980384,0.22,0.04,102358078,41275136,22310559,8551095,334163195,116969376,46403604,497536175,5109,202144028.79209235,25733262.72,19901447,295392146.2079077,75262568.48790768,0.15127054527825576,97384.2581718536,0.3283640229778267,MO_PHONG,HCM_SIM_v1
2023-07-01,2023,3,SIM001,TP.HCM,4002,995,470,108969,117687,113328,0.42706068005412817,0.22,0.04,87045658,44795637,25596777,9714103,436093938,117098565,53264160,606456663,5467,258993794.92413723,25761684.3,24258266.52,347462868.07586277,130290742.25586277,0.2148393285207632,110930.43040058533,0.28091492004928303,MO_PHONG,HCM_SIM_v1
2023-07-01,2023,3,SIM002,TP.HCM,3335,1345,510,122768,132589,127679,0.44167256481014194,0.22,0.04,93913205,81856533,22281473,11659160,409431280,178332205,65116290,652879775,5190,288359084.7369184,39233085.1,26115191,364520690.2630816,89462043.16308162,0.13702682574763725,125795.71772639692,0.3728841117799981,MO_PHONG,HCM_SIM_v1
2023-07-01,2023,3,SIM003,TP.HCM,2429,1061,448,116266,125567,120917,0.4135908665694296,0.22,0.04,68865838,72268803,32158825,13855991,282410114,133226587,54170816,469807517,3938,194308098.07686204,29309849.14,18792300.68,275499418.92313796,40247812.10313796,0.0856687273974332,119301.04545454546,0.39888123586579394,MO_PHONG,HCM_SIM_v1
2023-07-01,2023,3,SIM004,TP.HCM,2034,813,382,104651,113023,108837,0.41733375613577667,0.22,0.04,70451719,65524221,24560340,11871448,212860134,91887699,41575734,346323567,3229,144532515.0544503,20215293.78,13852942.68,201791051.9455497,-4684912.514450304,-0.013527559083064954,107254.12418705481,0.3853720789379603,MO_PHONG,HCM_SIM_v1
2023-07-01,2023,3,SIM005,TP.HCM,4186,1958,896,127058,137223,132140,0.4492978911846876,0.22,0.04,70513839,55654397,33881250,11020902,531864788,268682634,118397440,918944862,7040,412879988.61160374,59110179.48,36757794.480000004,506064873.38839626,239126511.42839625,0.2602185629592173,130531.940625,0.4212223061539899,MO_PHONG,HCM_SIM_v1
2023-07-01,2023,3,SIM006,TP.HCM,2807,881,534,116349,125657,121003,0.43541793498210607,0.22,0.04,98498762,43163847,24281583,10232776,326591643,110703817,64615602,501911062,4222,218541078.16071582,24354839.74,20076442.48,283369983.8392842,62761733.61928418,0.12504552772595434,118879.92941733776,0.34930375573192685,MO_PHONG,HCM_SIM_v1
2023-07-01,2023,3,SIM007,TP.HCM,2762,1303,592,121438,131153,126296,0.3996167283318937,0.22,0.04,90146246,47264347,34635080,12563030,335411756,170892359,74767232,581071347,4657,232205830.61554655,37596318.98,23242853.88,348865516.3844534,103417640.52445342,0.17797752557992405,124773.74855056904,0.4227700991768228,MO_PHONG,HCM_SIM_v1
2023-07-01,2023,3,SIM008,TP.HCM,3756,1227,646,123660,133553,128606,0.4049926403257996,0.22,0.04,60829941,55529994,27620203,11280277,464466960,163869531,83079476,711415967,5629,288118230.84526193,36051296.82,28456638.68,423297736.15473807,203529385.65473807,0.28609055052982535,126384.07656777403,0.34712322811838153,MO_PHONG,HCM_SIM_v1
2023-07-01,2023,3,SIM009,TP.HCM,3836,1636,583,120294,129918,125106,0.460485606379807,0.22,0.04,71933910,86212123,33727143,10670640,461447784,212545848,72936798,746930430,6055,343950711.98208,46760086.56,29877217.2,402979718.01792,123798598.25792001,0.16574314458967754,123357.62675474814,0.3822078128481122,MO_PHONG,HCM_SIM_v1
2023-07-01,2023,3,SIM010,TP.HCM,4384,1234,708,112028,120990,116509,0.454846308818087,0.22,0.04,62054752,57721424,24430930,9335984,491130752,149301660,82488372,722920784,6326,328817850.1702776,32846365.2,28916831.36,394102933.8297224,178796647.2697224,0.24732536569279548,114277.70850458425,0.3206299184227078,MO_PHONG,HCM_SIM_v1
2023-07-01,2023,3,SIM011,TP.HCM,4175,1580,838,97105,104873,100989,0.4573235924728215,0.22,0.04,63335440,54662449,27407740,13290946,405413375,165699340,84628782,655741497,6593,299886057.1415459,36453854.8,26229659.88,355855439.8584541,134475350.1784541,0.20507372309618238,99460.26042772637,0.3817481784289153,MO_PHONG,HCM_SIM_v1
2023-07-01,2023,3,SIM012,TP.HCM,3438,1114,459,98252,106112,102182,0.40208255884237587,0.22,0.04,102358078,41275136,22310559,8551095,337790376,118208768,46901538,502900682,5011,202207593.06213596,26005928.96,20116027.28,300693088.93786407,80076264.69786406,0.15922878525319648,100359.34583915386,0.3283159317727869,MO_PHONG,HCM_SIM_v1
2023-08-01,2023,3,SIM001,TP.HCM,3884,966,456,110520,119362,114941,0.4317906898073852,0.22,0.04,87045658,44795637,25596777,9714103,429259680,115303692,52413096,596976468,5306,257768880.91649643,25366812.24,23879058.72,339207587.0835036,122809541.12350361,0.2057192330125542,112509.69996230683,0.2809437171985814,MO_PHONG,HCM_SIM_v1
2023-08-01,2023,3,SIM002,TP.HCM,3194,1288,489,124314,134259,129287,0.4270573164615781,0.22,0.04,93913205,81856533,22281473,11659160,397058916,172925592,63221343,633205851,4971,270415191.4958299,38043630.24,25328234.04,362790659.5041701,89708424.22417012,0.1416733974938746,127379.97404948702,0.3729386496145943,MO_PHONG,HCM_SIM_v1
2023-08-01,2023,3,SIM003,TP.HCM,2188,956,404,113626,122716,118171,0.4154692719504237,0.22,0.04,68865838,72268803,32158825,13855991,248613688,117316496,47741084,413671268,3548,171867700.5427686,25809629.12,16546850.72,241803567.4572314,12297630.617231399,0.029728026983085996,116592.80383314543,0.3990066334507912,MO_PHONG,HCM_SIM_v1
2023-08-01,2023,3,SIM004,TP.HCM,1819,727,342,101635,109766,105700,0.39989999770186846,0.22,0.04,70451719,65524221,24560340,11871448,184874065,79799882,36149400,300823347,2888,120299255.77396838,17555974.04,12032933.88,180524091.2260316,-21472544.6939684,-0.07137924934386293,104163.20879501385,0.3854397710693645,MO_PHONG,HCM_SIM_v1
2023-08-01,2023,3,SIM005,TP.HCM,3775,1766,808,123287,133150,128218,0.4553148972429335,0.22,0.04,70513839,55654397,33881250,11020902,465408425,235142900,103600144,804151469,6349,366142143.475489,51731438,32166058.76,438009325.524511,183041440.764511,0.2276206011190051,126657.97275161443,0.42124283428996634,MO_PHONG,HCM_SIM_v1
2023-08-01,2023,3,SIM006,TP.HCM,3200,1005,609,114642,123813,119228,0.44733427059836683,0.22,0.04,98498762,43163847,24281583,10232776,366854400,124432065,72609852,563896317,4814,252250147.65830043,27375054.3,22555852.68,311646169.3416996,85538294.3616996,0.15169152871360142,117136.75051931865,0.3494293384434359,MO_PHONG,HCM_SIM_v1
2023-08-01,2023,3,SIM007,TP.HCM,2620,1237,562,125357,135386,130371,0.4142865631729365,0.22,0.04,90146246,47264347,34635080,12563030,328435340,167472482,73268502,569176324,4419,235802103.10936576,36843946.04,22767052.96,333374220.89063424,89154518.89063424,0.15663778539501275,128802.064720525,0.4229638055008065,MO_PHONG,HCM_SIM_v1
2023-08-01,2023,3,SIM008,TP.HCM,3882,1268,667,120522,130164,125343,0.40038113291375343,0.22,0.04,60829941,55529994,27620203,11280277,467866404,165047952,83603781,716518137,5817,286880343.44531196,36310549.44,28660725.48,429637793.55468804,209406103.63468802,0.2922551332914662,123176.57503867973,0.34702782827114953,MO_PHONG,HCM_SIM_v1
2023-08-01,2023,3,SIM009,TP.HCM,4127,1760,627,119545,129109,124327,0.45711734941229226,0.22,0.04,71933910,86212123,33727143,10670640,493362215,227231840,77953029,798547084,6514,365029726.4189951,49991004.8,31941883.36,433517357.5810049,149040653.42100492,0.18663978168256,122589.35891925084,0.38217517177734756,MO_PHONG,HCM_SIM_v1
2023-08-01,2023,3,SIM010,TP.HCM,3914,1102,632,114313,123458,118886,0.4674562013987452,0.22,0.04,62054752,57721424,24430930,9335984,447421082,136050716,75135952,658607750,5648,307870277.02677447,29931157.52,26344310,350737472.97322553,140918915.45322555,0.21396486065222517,116609.02089235127,0.3206562145677757,MO_PHONG,HCM_SIM_v1
2023-08-01,2023,3,SIM011,TP.HCM,4077,1543,819,100847,108915,104881,0.4611322126165033,0.22,0.04,63335440,54662449,27407740,13290946,411153219,168055845,85897539,665106603,6439,306702079.4672362,36972285.9,26604264.12,358404523.5327638,136131398.5127638,0.2046760592944584,103293.46218356887,0.38182357964051067,MO_PHONG,HCM_SIM_v1
2023-08-01,2023,3,SIM012,TP.HCM,3431,1111,457,94129,101659,97894,0.3980927800294012,0.22,0.04,102358078,41275136,22310559,8551095,322956599,112943149,44737558,480637306,4999,191338241.33138198,24847492.78,19225492.240000002,289299064.668618,70731211.64861801,0.14716130180834947,96146.69053810762,0.32806589299583,MO_PHONG,HCM_SIM_v1
2023-09-01,2023,3,SIM001,TP.HCM,3394,845,399,112094,121062,116578,0.42688442647457125,0.22,0.04,87045658,44795637,25596777,9714103,380447036,102297390,46514622,529259048,4638,225932445.1619576,22505425.8,21170361.92,303326602.8380424,92498640.11804238,0.17477006858471766,114113.63691246227,0.2811704638066008,MO_PHONG,HCM_SIM_v1
2023-09-01,2023,3,SIM002,TP.HCM,3043,1227,465,124600,134568,129584,0.43889155919663614,0.22,0.04,93913205,81856533,22281473,11659160,379157800,165114936,60256560,604529296,4735,265322805.30148476,36325285.92,24181171.84,339206490.69851524,68989661.93851523,0.11412128807487144,127672.50179514255,0.3728049202763533,MO_PHONG,HCM_SIM_v1
2023-09-01,2023,3,SIM003,TP.HCM,2330,1018,430,117488,126887,122188,0.41489792911335827,0.22,0.04,68865838,72268803,32158825,13855991,273747040,129170966,52540840,455458846,3778,188968932.00175995,28417612.52,18218353.84,266489913.99824005,32704490.638240054,0.07180558885937206,120555.54420328216,0.3989642699792903,MO_PHONG,HCM_SIM_v1
2023-09-01,2023,3,SIM004,TP.HCM,1795,718,338,101486,109605,105545,0.4120553477946669,0.22,0.04,70451719,65524221,24560340,11871448,182167370,78696390,35674210,296537970,2851,122190056.3626745,17313205.8,11861518.8,174347913.6373255,-27234538.962674506,-0.09184165846510146,104011.91511750263,0.3856861905407931,MO_PHONG,HCM_SIM_v1
2023-09-01,2023,3,SIM005,TP.HCM,3667,1715,784,126941,137096,132019,0.43582455839961765,0.22,0.04,70513839,55654397,33881250,11020902,465492647,235119640,103502896,804115183,6166,350453144.53340274,51726320.8,32164607.32,453662038.46659726,198700722.34659725,0.24710480108742985,130411.15520596821,0.4211119789290187,MO_PHONG,HCM_SIM_v1
2023-09-01,2023,3,SIM006,TP.HCM,2540,798,484,116889,126240,121565,0.45190404913388194,0.22,0.04,98498762,43163847,24281583,10232776,296898060,100739520,58837460,456475040,3822,206282918.90455073,22162694.4,18259001.6,250192121.09544927,33593457.09544927,0.07359319601669627,119433.55311355312,0.3495853354873467,MO_PHONG,HCM_SIM_v1
2023-09-01,2023,3,SIM007,TP.HCM,2708,1278,580,123891,133802,128847,0.412699672523886,0.22,0.04,90146246,47264347,34635080,12563030,335496828,170998956,74731260,581227044,4566,239872210.7208263,37619770.32,23249081.76,341354833.27917373,95877278.19917373,0.16495667087227575,127294.57818659658,0.4227783592258312,MO_PHONG,HCM_SIM_v1
2023-09-01,2023,3,SIM008,TP.HCM,3651,1192,628,119783,129366,124574,0.3956948040891439,0.22,0.04,60829941,55529994,27620203,11280277,437327733,154204272,78232472,669764477,5471,265022323.51238295,33924939.84,26790579.080000002,404742153.487617,188766219.567617,0.2818397004468438,122420.8512154999,0.3470425081979975,MO_PHONG,HCM_SIM_v1
2023-09-01,2023,3,SIM009,TP.HCM,4172,1779,634,120346,129974,125160,0.45084304206073283,0.22,0.04,71933910,86212123,33727143,10670640,502083512,231223746,79351440,812658698,6585,366381519.56343436,50869224.12,32506347.92,446277178.43656564,160357790.39656565,0.1973248927147589,123410.58435839028,0.3821717367504261,MO_PHONG,HCM_SIM_v1
2023-09-01,2023,3,SIM010,TP.HCM,3598,1013,581,112960,121997,117478,0.4655638848524541,0.22,0.04,62054752,57721424,24430930,9335984,406430080,123582961,68254718,598267759,5192,278531862.0620118,27188251.42,23930710.36,319735896.9379882,115073845.15798822,0.19234505524806028,115228.76714175654,0.3206552185273283,MO_PHONG,HCM_SIM_v1
2023-09-01,2023,3,SIM011,TP.HCM,3501,1325,703,95348,102976,99162,0.44871021410450346,0.22,0.04,63335440,54662449,27407740,13290946,333813348,136443200,69710886,539967434,5529,242288902.91959935,30017504,21598697.36,297678531.08040065,87365754.72040065,0.16179819229690923,97660.95749683488,0.381789850681995,MO_PHONG,HCM_SIM_v1
2023-09-01,2023,3,SIM012,TP.HCM,2971,963,396,95342,102969,99156,0.4031890942249447,0.22,0.04,102358078,41275136,22310559,8551095,283261082,99159147,39265776,421686005,4330,170019198.4032855,21815012.34,16867440.2,251666806.5967145,38489486.0567145,0.09127522753977689,97387.06812933025,0.32826539500641005,MO_PHONG,HCM_SIM_v1
2023-10-01,2023,4,SIM001,TP.HCM,3585,892,421,111357,120266,115811,0.4431767794676125,0.22,0.04,87045658,44795637,25596777,9714103,399214845,107277272,48756431,555248548,4898,246073263.30670807,23600999.84,22209941.92,309175284.6932919,96212167.9332919,0.17327765787024066,113362.30053082891,0.28101595864056184,MO_PHONG,HCM_SIM_v1
2023-10-01,2023,4,SIM002,TP.HCM,3422,1380,523,120668,130321,125495,0.42670320992358035,0.22,0.04,93913205,81856533,22281473,11659160,412925896,179842980,65633885,658402761,5325,280942571.5412479,39565455.6,26336110.44,377460189.4587521,101848252.41875209,0.15468989264878263,123643.71098591549,0.3728369313445209,MO_PHONG,HCM_SIM_v1
2023-10-01,2023,4,SIM003,TP.HCM,2123,927,392,113783,122886,118334,0.3970662425458431,0.22,0.04,68865838,72268803,32158825,13855991,241561309,113915322,46386928,401863559,3442,159566453.38822973,25061370.84,16074542.36,242297105.61177027,14011735.41177027,0.0348668972290923,116752.92242882046,0.39889720381439214,MO_PHONG,HCM_SIM_v1
2023-10-01,2023,4,SIM004,TP.HCM,1703,681,320,102783,111006,106894,0.4072090633492917,0.22,0.04,70451719,65524221,24560340,11871448,175039449,75595086,34206080,284840615,2704,115989680.0379862,16630918.92,11393624.6,168850934.96201378,-31581336.55798622,-0.11087371285863225,105340.46412721893,0.3854828287040456,MO_PHONG,HCM_SIM_v1
2023-10-01,2023,4,SIM005,TP.HCM,3721,1741,796,126297,136401,131349,0.4380664118938148,0.22,0.04,70513839,55654397,33881250,11020902,469951137,237474141,104553804,811979082,6258,355700762.9845736,52244311.02,32479163.28,456278319.0154264,200484456.7154264,0.24690840091792707,129750.5723873442,0.4212275323122179,MO_PHONG,HCM_SIM_v1
2023-10-01,2023,4,SIM006,TP.HCM,2653,833,505,118416,127889,123153,0.43384615124203263,0.22,0.04,98498762,43163847,24281583,10232776,314157648,106531537,62192265,482881450,3991,209496258.588672,23436938.14,19315258,273385191.41132796,54456027.27132796,0.11277307768051135,120992.59584064144,0.3494104029053094,MO_PHONG,HCM_SIM_v1
2023-10-01,2023,4,SIM007,TP.HCM,2728,1287,585,118530,128012,123271,0.4073662463948131,0.22,0.04,90146246,47264347,34635080,12563030,323349840,164751444,72113535,560214819,4600,228212607.99077964,36245317.68,22408592.76,332002211.00922036,88739597.56922036,0.15840280292410538,121785.83021739131,0.42281098422710595,MO_PHONG,HCM_SIM_v1
2023-10-01,2023,4,SIM008,TP.HCM,3722,1215,640,118413,127886,123150,0.4113508911337704,0.22,0.04,60829941,55529994,27620203,11280277,440733186,155381490,78816000,674930676,5577,277633335.02611804,34183927.8,26997227.04,397297340.97388196,180855771.13388196,0.2679619960463643,121020.38300161377,0.34699488158988345,MO_PHONG,HCM_SIM_v1
2023-10-01,2023,4,SIM009,TP.HCM,3843,1639,584,117312,126697,122004,0.44852098071947694,0.22,0.04,71933910,86212123,33727143,10670640,450830016,207656383,71250336,729736735,6066,327302236.049229,45684404.26,29189469.400000002,402434498.950771,125016809.29077098,0.1713176866322496,120299.49472469502,0.38220183474797936,MO_PHONG,HCM_SIM_v1
2023-10-01,2023,4,SIM010,TP.HCM,3368,948,544,109027,117749,113388,0.4561067914683372,0.22,0.04,62054752,57721424,24430930,9335984,367202936,111626052,61683072,540512060,4860,246531221.43654138,24557731.44,21620482.400000002,293980838.5634586,94259534.72345862,0.17438932763768233,111216.4732510288,0.32063877353633885,MO_PHONG,HCM_SIM_v1
2023-10-01,2023,4,SIM011,TP.HCM,4051,1533,813,95404,103036,99220,0.4576241681724787,0.22,0.04,63335440,54662449,27407740,13290946,386481604,157954188,80665860,625101652,6397,286061623.51974225,34749921.36,25004066.080000002,339040028.48025775,120589466.04025775,0.19291176987684197,97717.93840862905,0.3817299910127257,MO_PHONG,HCM_SIM_v1
2023-10-01,2023,4,SIM012,TP.HCM,3043,986,406,94366,101915,98141,0.41052547882311047,0.22,0.04,102358078,41275136,22310559,8551095,287155738,100488190,39845246,427489174,4435,175495197.84804597,22107401.8,17099566.96,251993976.15195403,38292139.39195402,0.08957452427076906,96389.89267192785,0.32827366056292223,MO_PHONG,HCM_SIM_v1
2023-11-01,2023,4,SIM001,TP.HCM,3530,878,415,106018,114499,110259,0.42635500941425564,0.22,0.04,87045658,44795637,25596777,9714103,374243540,100530122,45757485,520531147,4823,221931062.07959828,22116626.84,20821245.88,298600084.9204017,88510037.2004017,0.1700379270491602,107926.8395189716,0.28103526146918545,MO_PHONG,HCM_SIM_v1
2023-11-01,2023,4,SIM002,TP.HCM,3630,1464,555,121669,131403,126536,0.4400938092079014,0.22,0.04,93913205,81856533,22281473,11659160,441658470,192373992,70227480,704259942,5649,309940440.5473157,42322278.24,28170397.68,394319501.4526843,114116454.53268428,0.16203740654141063,124669.84280403612,0.37287577546189615,MO_PHONG,HCM_SIM_v1
2023-11-01,2023,4,SIM003,TP.HCM,2360,1031,435,118256,127716,122986,0.41161010416224597,0.22,0.04,68865838,72268803,32158825,13855991,279084160,131675196,53498910,464258266,3826,191093393.2264437,28968543.12,18570330.64,273164872.7735563,38476542.01355629,0.08287745169314074,121342.98640878202,0.3988601163646271,MO_PHONG,HCM_SIM_v1
2023-11-01,2023,4,SIM004,TP.HCM,1777,711,334,102619,110829,106724,0.40930484038777654,0.22,0.04,70451719,65524221,24560340,11871448,182353963,78799419,35645816,296799198,2822,121481348.36461009,17335872.18,11871967.92,175317849.63538992,-26297718.464610077,-0.08860441214740102,105173.35152374202,0.38559819491156444,MO_PHONG,HCM_SIM_v1
2023-11-01,2023,4,SIM005,TP.HCM,3580,1674,766,127275,137457,132366,0.4520754814147949,0.22,0.04,70513839,55654397,33881250,11020902,455644500,230103018,101392356,787139874,6020,355846637.479331,50622663.96,31485594.96,431293236.520669,178114589.60066897,0.22628073546261357,130754.1318936877,0.4211390947779632,MO_PHONG,HCM_SIM_v1
2023-11-01,2023,4,SIM006,TP.HCM,2919,917,556,118629,128119,123374,0.4358522511553019,0.22,0.04,98498762,43163847,24281583,10232776,346278051,117485123,68595944,532359118,4392,232029920.003351,25846727.06,21294364.72,300329197.996649,77011138.21664903,0.14466012812172596,121211.09244080145,0.3495404900719668,MO_PHONG,HCM_SIM_v1
2023-11-01,2023,4,SIM007,TP.HCM,2373,1120,509,122707,132524,127615,0.4040942805819214,0.22,0.04,90146246,47264347,34635080,12563030,291183711,148426880,64956035,504566626,4002,203892487.73911738,32653913.6,20182665.04,300674138.2608826,63228856.620882615,0.12531319624156556,126078.6171914043,0.4229033471587556,MO_PHONG,HCM_SIM_v1
2023-11-01,2023,4,SIM008,TP.HCM,3494,1141,600,119695,129271,124483,0.39652250596322125,0.22,0.04,60829941,55529994,27620203,11280277,418214330,147498211,74689800,640402341,5235,253933941.07803336,32449606.42,25616093.64,386468399.9219667,173142284.86196667,0.27036485311968383,122330.91518624642,0.3469506539483434,MO_PHONG,HCM_SIM_v1
2023-11-01,2023,4,SIM009,TP.HCM,4046,1725,615,118545,128029,123287,0.461673844717443,0.22,0.04,71933910,86212123,33727143,10670640,479633070,220850025,75821505,776304600,6386,358399529.3538367,48587005.5,31052184,417905070.6461633,135722065.14616328,0.17483094283630843,121563.5139367366,0.382158665554732,MO_PHONG,HCM_SIM_v1
2023-11-01,2023,4,SIM010,TP.HCM,3890,1095,628,111578,120504,116041,0.46683572328649464,0.22,0.04,62054752,57721424,24430930,9335984,434038420,131951880,72873748,638864048,5613,298244559.92981786,29029413.6,25554561.92,340619488.07018214,132492422.55018213,0.2073875075064204,113818.64386246214,0.320609100858341,MO_PHONG,HCM_SIM_v1
2023-11-01,2023,4,SIM011,TP.HCM,3986,1509,800,96393,104104,100249,0.4538593014515937,0.22,0.04,63335440,54662449,27407740,13290946,384222498,157092936,80199200,621514634,6295,282080197.62918293,34560445.92,24860585.36,339434436.37081707,121316830.09081706,0.19519545229375415,98731.47482128674,0.38179653867973123,MO_PHONG,HCM_SIM_v1
2023-11-01,2023,4,SIM012,TP.HCM,3313,1074,442,95000,102600,98800,0.4043933776486665,0.22,0.04,102358078,41275136,22310559,8551095,314735000,110192400,43669600,468597000,4829,189497523.58603218,24242328,18743880,279099476.41396785,61618400.41396785,0.13149550768350599,97038.1031269414,0.32834610550216925,MO_PHONG,HCM_SIM_v1
2023-12-01,2023,4,SIM001,TP.HCM,4010,997,471,110741,119600,115171,0.43850293761119247,0.22,0.04,87045658,44795637,25596777,9714103,444071410,119241200,54245541,617558151,5478,270801063.35923636,26233064,24702326.04,346757087.64076364,128669522.60076365,0.20835207565864294,112734.23713033953,0.2809237328000226,MO_PHONG,HCM_SIM_v1
2023-12-01,2023,4,SIM002,TP.HCM,3593,1450,550,123148,133000,128074,0.4319477497879416,0.22,0.04,93913205,81856533,22281473,11659160,442470764,192850000,70440700,705761464,5593,304852076.2618433,42427000,28230458.560000002,400909387.7381567,120541558.17815667,0.17079645790657205,126186.56606472377,0.37305904817721813,MO_PHONG,HCM_SIM_v1
2023-12-01,2023,4,SIM003,TP.HCM,2578,1126,475,116480,125798,121139,0.40641194213181736,0.22,0.04,68865838,72268803,32158825,13855991,300285440,141648548,57541025,499475013,4179,202992610.0796447,31162680.56,19979000.52,296482402.9203553,58191264.84035532,0.1165048567511731,119520.2232591529,0.3987978733983235,MO_PHONG,HCM_SIM_v1
2023-12-01,2023,4,SIM004,TP.HCM,2125,850,400,99946,107942,103944,0.4171530894096941,0.22,0.04,70451719,65524221,24560340,11871448,212385250,91750700,41577600,345713550,3375,144215475.43329275,20185154,13828542,201498074.56670725,-4923349.433292747,-0.014241123708610052,102433.64444444445,0.3856611926260917,MO_PHONG,HCM_SIM_v1
2023-12-01,2023,4,SIM005,TP.HCM,4167,1949,891,125874,135944,130909,0.44681631030514835,0.22,0.04,70513839,55654397,33881250,11020902,524516958,264954856,116639919,906111733,7007,404865501.2632637,58290068.32,36244469.32,501246231.7367363,235641306.0967363,0.26005767005859565,129315.21806764664,0.4211343492226913,MO_PHONG,HCM_SIM_v1
2023-12-01,2023,4,SIM006,TP.HCM,3118,979,593,119420,128974,124197,0.44568276395089923,0.22,0.04,98498762,43163847,24281583,10232776,372351560,126265546,73648821,572265927,4690,255049060.06028354,27778420.12,22890637.080000002,317216866.93971646,90370841.73971646,0.15791756502692578,122018.32132196162,0.34933823169940365,MO_PHONG,HCM_SIM_v1
2023-12-01,2023,4,SIM007,TP.HCM,2991,1412,641,118966,128483,123725,0.40491071924567223,0.22,0.04,90146246,47264347,34635080,12563030,355827306,181417996,79307725,616553027,5044,249648929.61566636,39911959.12,24662121.080000002,366904097.3843336,117721314.18433361,0.1909346139408924,122234.93794607454,0.4228763943770241,MO_PHONG,HCM_SIM_v1
2023-12-01,2023,4,SIM008,TP.HCM,3906,1275,671,123131,132981,128056,0.4025138792674989,0.22,0.04,60829941,55529994,27620203,11280277,480949686,169550775,85925576,736426037,5852,296421700.94646066,37301170.5,29457041.48,440004336.05353934,217985709.07353932,0.29600489135549035,125841.76982228298,0.3469137946843126,MO_PHONG,HCM_SIM_v1
2023-12-01,2023,4,SIM009,TP.HCM,3989,1701,607,115250,124470,119860,0.46002507327124476,0.22,0.04,71933910,86212123,33727143,10670640,459732250,211723470,72755020,744210740,6297,342355600.1977473,46579163.4,29768429.6,401855139.8022527,122963730.80225271,0.165227030722847,118184.96744481499,0.382255286990349,MO_PHONG,HCM_SIM_v1
2023-12-01,2023,4,SIM010,TP.HCM,4175,1176,674,109593,118360,113977,0.4563600181136281,0.22,0.04,62054752,57721424,24430930,9335984,457550775,139191360,76820498,673562633,6025,307387055.396543,30622099.2,26942505.32,366175577.603457,155067883.083457,0.23022043606070558,111794.62788381743,0.32070047745656344,MO_PHONG,HCM_SIM_v1
2023-12-01,2023,4,SIM011,TP.HCM,4625,1750,929,98198,106054,102126,0.44417423229664565,0.22,0.04,63335440,54662449,27407740,13290946,454165750,185594500,94875054,734635304,7304,326306072.1722129,40830790,29385412.16,408329231.8277871,179416454.6677871,0.24422520084576158,100579.86089813801,0.381780663783618,MO_PHONG,HCM_SIM_v1
2023-12-01,2023,4,SIM012,TP.HCM,3612,1171,482,96864,104613,100739,0.40920241384767,0.22,0.04,102358078,41275136,22310559,8551095,349872768,122501823,48556198,520930789,5265,213166136.30637124,26950401.06,20837231.56,307764652.6936288,85482152.07362878,0.1640950273600142,98942.22013295347,0.3283699574148227,MO_PHONG,HCM_SIM_v1
2024-01-01,2024,1,SIM001,TP.HCM,3749,1080,513,111291,120194,115743,0.4268521667271853,0.22,0.04,90527484,46587462,26620648,9714103,417229959,129809520,59376159,606415638,5342,258849829.01754844,28558094.4,24256625.52,347565808.98245156,121301392.06245156,0.20003011871941792,113518.46461999252,0.31197361536379115,MO_PHONG,HCM_SIM_v1
2024-01-01,2024,1,SIM002,TP.HCM,3328,1517,588,127613,137822,132718,0.42548916134051984,0.22,0.04,97669733,85130794,23172732,11659160,424696064,209075974,78038184,711810222,5433,302867534.39238924,45996714.28,28472408.88,408942687.60761076,116841145.44761077,0.1641464843245968,131016.05411374931,0.40335773374156464,MO_PHONG,HCM_SIM_v1
2024-01-01,2024,1,SIM003,TP.HCM,2322,1145,490,120744,130404,125574,0.4047015509568155,0.22,0.04,71620472,75159555,33445178,13855991,280367568,149312580,61531260,491211408,3957,198794018.6652811,32848767.6,19648456.32,292417389.33471894,45838969.41471894,0.09331821018032818,124137.32827899924,0.429232376459791,MO_PHONG,HCM_SIM_v1
2024-01-01,2024,1,SIM004,TP.HCM,1786,810,383,106998,115558,111278,0.4105796170327813,0.22,0.04,73269788,68145190,25542754,11871448,191098428,93601980,42619474,327319882,2979,134390871.79877517,20592435.6,13092795.280000001,192929010.20122483,-19585400.67877517,-0.059835658497442476,109875.75763679086,0.41617225683834264,MO_PHONG,HCM_SIM_v1
2024-01-01,2024,1,SIM005,TP.HCM,3479,1837,846,123416,133289,128353,0.44696152601391076,0.22,0.04,73334393,57880573,35236500,11020902,429364264,244851893,108586638,782802795,6162,349882731.82115453,53867416.46,31312111.8,432920063.17884547,170268166.91884547,0.2175109337963535,127037.1299902629,0.45150392060110106,MO_PHONG,HCM_SIM_v1
2024-01-01,2024,1,SIM006,TP.HCM,2735,985,588,115565,124810,120188,0.44929794906638565,0.22,0.04,102438712,44890401,25252846,10232776,316070275,122937850,70670544,509678669,4308,228997580.66458523,27046327,20387146.76,280681088.33541477,50432879.57541476,0.09895034389876489,118309.8117455896,0.37986363914319515,MO_PHONG,HCM_SIM_v1
2024-01-01,2024,1,SIM007,TP.HCM,2374,1265,578,121551,131275,126413,0.40022087873891,0.22,0.04,93752096,49154921,36020483,12563030,288562074,166062875,73066714,527691663,4217,211193221.06905675,36533832.5,21107666.52,316498441.93094325,67366412.91094325,0.127662454487069,125134.37585961584,0.4531615823538224,MO_PHONG,HCM_SIM_v1
2024-01-01,2024,1,SIM008,TP.HCM,3725,1391,729,125190,135205,130198,0.40263951090164485,0.22,0.04,63263139,57751194,28725011,11280277,466332750,188070155,94914342,749317247,5845,301704729.842247,41375434.1,29972689.88,447612517.157753,215244772.17775297,0.287254528091428,128197.98922155688,0.37765645743904785,MO_PHONG,HCM_SIM_v1
2024-01-01,2024,1,SIM009,TP.HCM,4355,2094,767,117643,127054,122349,0.46411727368831635,0.22,0.04,74811266,89660608,35076229,10670640,512335265,266051076,93841683,872228024,7216,404816092.53342736,58531236.72,34889120.96,467411931.46657264,163772830.78657264,0.18776377997523802,120874.17184035477,0.41261315745113003,MO_PHONG,HCM_SIM_v1
2024-01-01,2024,1,SIM010,TP.HCM,4239,1376,780,115529,124771,120150,0.4574153717886657,0.22,0.04,64536942,60030281,25408167,9335984,489727431,171684896,93717000,755129327,6395,345407761.85822994,37770677.12,30205173.080000002,409721565.14177006,182434340.94177008,0.24159350513712743,118081.20828772479,0.35146548612327966,MO_PHONG,HCM_SIM_v1
2024-01-01,2024,1,SIM011,TP.HCM,3574,1538,813,100610,108659,104634,0.4486314883641899,0.22,0.04,65868858,56848947,28504050,13290946,359580140,167117542,85067442,611765124,5925,274457098.1094232,36765859.24,24470604.96,337308025.8905768,111558760.69057678,0.18235554188044362,103251.49772151899,0.4122251728753338,MO_PHONG,HCM_SIM_v1
2024-01-01,2024,1,SIM012,TP.HCM,3135,1158,485,96703,104439,100571,0.41465250902809203,0.22,0.04,106452401,42926141,23202981,8551095,303163905,120940362,48776935,472881202,4778,196081376.88152,26606879.64,18915248.080000002,276799825.11847997,50145079.39847997,0.10604160027168931,98970.53202176643,0.3589004939976447,MO_PHONG,HCM_SIM_v1
2024-01-01,2024,1,SIM013,TP.HCM,2438,786,330,105509,113950,109729,0.41552593555301426,0.22,0.04,69592389,58176009,54487902,13342931,257230942,89564700,36210570,383006212,3554,159149014.56391612,19704234,15320248.48,223857197.43608388,-6766516.043916121,-0.017666857173366475,107767.64546989308,0.32838963457856396,MO_PHONG,HCM_SIM_v1
2024-01-01,2024,1,SIM014,TP.HCM,2261,894,465,102215,110392,106304,0.4183077209349722,0.22,0.04,88824360,64900555,44834688,13644253,231108115,98690448,49431360,379229923,3620,158634804.800475,21711898.56,15169196.92,220595118.199525,-28489833.280474998,-0.07512548866159752,104759.64723756906,0.3905857608182464,MO_PHONG,HCM_SIM_v1
2024-01-01,2024,1,SIM015,TP.HCM,1649,596,289,128935,139250,134092,0.4191374337114394,0.22,0.04,77625612,48613190,42511988,14045624,212613815,82993000,38752588,334359403,2534,140142542.11070895,18258460,13374376.120000001,194216860.88929105,-20212389.230708953,-0.060451086613254164,131949.25138121546,0.3641159390394055,MO_PHONG,HCM_SIM_v1
2024-01-01,2024,1,SIM016,TP.HCM,2232,984,509,115089,124296,119693,0.41239584644325084,0.22,0.04,86804046,64004689,48317420,10400125,256878648,122307264,60923737,440109649,3725,181499391.22719702,26907598.080000002,17604385.96,258610257.77280298,4571993.732802972,0.010388306057800093,118150.24134228188,0.4163303427142085,MO_PHONG,HCM_SIM_v1
2024-02-01,2024,1,SIM001,TP.HCM,3131,902,428,110983,119862,115422,0.4299103978276253,0.22,0.04,90527484,46587462,26620648,9714103,347487773,108115524,49400616,505003913,4461,217106433.14233747,23785415.28,20200156.52,287897479.85766256,70462211.05766256,0.1395280496720875,113204.19479937234,0.3119107316699148,MO_PHONG,HCM_SIM_v1
2024-02-01,2024,1,SIM002,TP.HCM,2978,1357,526,122969,132807,127888,0.43552529837004844,0.22,0.04,97669733,85130794,23172732,11659160,366201682,180219099,67269088,613689869,4861,267277463.30290094,39648201.78,24547594.76,346412405.6970991,64584190.15709908,0.10523913367241701,126247.65871219913,0.4032789190463237,MO_PHONG,HCM_SIM_v1
2024-02-01,2024,1,SIM003,TP.HCM,2055,1014,434,114355,123503,118929,0.3980215686373413,0.22,0.04,71620472,75159555,33445178,13855991,234999525,125232042,51615186,411846753,3503,163923890.66725564,27551049.24,16473870.120000001,247922862.33274436,9816746.97274436,0.023835921738453916,117569.7268055952,0.4294005639519999,MO_PHONG,HCM_SIM_v1
2024-02-01,2024,1,SIM004,TP.HCM,1605,728,344,106496,115016,110756,0.41030341201461856,0.22,0.04,73269788,68145190,25542754,11871448,170926080,83731648,38100064,292757792,2677,120119520.95146601,18420962.56,11710311.68,172638271.04853398,-36322183.19146602,-0.12406905702945736,109360.40044826298,0.4161519021157258,MO_PHONG,HCM_SIM_v1
2024-02-01,2024,1,SIM005,TP.HCM,3372,1780,819,128203,138459,133331,0.44981099899858235,0.22,0.04,73334393,57880573,35236500,11020902,432300516,246457020,109198089,787955625,5971,354431106.84780234,54220544.4,31518225,433524518.15219766,170313380.75219765,0.21614590384096521,131963.76235136492,0.4513643886989194,MO_PHONG,HCM_SIM_v1
2024-02-01,2024,1,SIM006,TP.HCM,2372,854,510,119148,128680,123914,0.4482614754792303,0.22,0.04,102438712,44890401,25252846,10232776,282619056,109892720,63196140,455707916,3736,204276302.81372514,24176398.4,18228316.64,251431613.18627486,26212163.146274857,0.05751965727598828,121977.49357601714,0.3798241240119252,MO_PHONG,HCM_SIM_v1
2024-02-01,2024,1,SIM007,TP.HCM,2167,1155,528,125456,135492,130474,0.41135436082258825,0.22,0.04,93752096,49154921,36020483,12563030,271863152,156493260,68890272,497246684,3850,204544591.8679715,34428517.2,19889867.36,292702092.13202846,46893177.57202846,0.09430566171865805,129154.98285714285,0.4532630166318012,MO_PHONG,HCM_SIM_v1
2024-02-01,2024,1,SIM008,TP.HCM,3240,1209,634,121799,131543,126671,0.39286649902351206,0.22,0.04,63263139,57751194,28725011,11280277,394628760,159035487,80309414,633973661,5083,249067012.67018887,34987807.14,25358946.44,384906648.3298111,163540273.7498111,0.2579606753565289,124724.30867597875,0.37753130094153864,MO_PHONG,HCM_SIM_v1
2024-02-01,2024,1,SIM009,TP.HCM,3724,1790,656,119702,129278,124490,0.4605075880140066,0.22,0.04,74811266,89660608,35076229,10670640,445770248,231407620,81665440,758843308,6170,349453101.4476499,50909676.4,30353732.32,409390206.5523501,117908054.8323501,0.15537865800399217,122989.19092382496,0.4125661473185186,MO_PHONG,HCM_SIM_v1
2024-02-01,2024,1,SIM010,TP.HCM,3307,1073,608,114398,123550,118974,0.45672121602110566,0.22,0.04,64536942,60030281,25408167,9335984,378314186,132569150,72336192,583219528,4988,266368732.0354153,29165213,23328781.12,316850795.9645847,105045427.8445847,0.18011301542801686,116924.52445870088,0.35133484419266564,MO_PHONG,HCM_SIM_v1
2024-02-01,2024,1,SIM011,TP.HCM,3144,1353,715,101335,109442,105388,0.45936956873163587,0.22,0.04,65868858,56848947,28504050,13290946,318597240,148075026,75352420,542024686,5212,248989646.24972036,32576505.72,21680987.44,293035039.75027966,74264745.59027967,0.13701358537437475,103995.52686108979,0.4122089856254259,MO_PHONG,HCM_SIM_v1
2024-02-01,2024,1,SIM012,TP.HCM,2844,1050,440,97005,104765,100885,0.40131437287665905,0.22,0.04,106452401,42926141,23202981,8551095,275882220,110003250,44389400,430274870,4334,172675489.618636,24200715,17210994.8,257599380.381364,35055052.58136399,0.08147129898932742,99278.92708814029,0.35882330288078407,MO_PHONG,HCM_SIM_v1
2024-02-01,2024,1,SIM013,TP.HCM,2641,852,358,110149,118961,114555,0.4231352185085416,0.22,0.04,69592389,58176009,34487902,13342931,290903509,101354772,41010690,433268971,3851,183331360.71705598,22298049.84,17330758.84,249937610.28294402,34709570.602944024,0.08011090783360995,112508.17216307453,0.328584485686606,MO_PHONG,HCM_SIM_v1
2024-02-01,2024,1,SIM014,TP.HCM,2521,997,519,107311,115896,111603,0.4317527083959431,0.22,0.04,88824360,64900555,24834688,13644253,270531031,115548312,57921957,444001300,4037,191698763.80631965,25420628.64,17760052,252302536.19368035,16917999.553680345,0.038103491034103605,109982.98241268269,0.3906976601194636,MO_PHONG,HCM_SIM_v1
2024-02-01,2024,1,SIM015,TP.HCM,1769,640,310,128519,138801,133660,0.42383014516904954,0.22,0.04,77625612,48613190,22511988,14045624,227350111,88832640,41434600,357617351,2719,151569013.78930095,19543180.8,14304694.040000001,206048337.21069905,9404048.370699048,0.026296398495214646,131525.32217727107,0.36426431669418635,MO_PHONG,HCM_SIM_v1
2024-02-01,2024,1,SIM016,TP.HCM,2329,1027,531,114472,123630,119051,0.4234814585465938,0.22,0.04,86804046,64004689,28317420,10400125,266605288,126968010,63216081,456789379,3887,193441832.46751282,27932962.2,18271575.16,263347546.53248718,27616729.172487184,0.060458343477568434,117517.20581425264,0.416349634521603,MO_PHONG,HCM_SIM_v1
2024-03-01,2024,1,SIM001,TP.HCM,3216,926,440,109925,118719,114322,0.43934432797133927,0.22,0.04,90527484,46587462,26620648,9714103,353518800,109933794,50301680,513754274,4582,225715026.2529333,24185434.68,20550170.96,288039247.74706674,69853945.10706674,0.13596761845540722,112124.45962461807,0.3118912719741189,MO_PHONG,HCM_SIM_v1
2024-03-01,2024,1,SIM002,TP.HCM,2881,1314,510,124123,134053,129088,0.437642643628642,0.22,0.04,97669733,85130794,23172732,11659160,357598363,176145642,65834880,599578885,4705,262401288.29531354,38752041.24,23983155.400000002,337177596.70468646,56809981.06468646,0.09474980271309331,127434.40701381509,0.40358412888405837,MO_PHONG,HCM_SIM_v1
2024-03-01,2024,1,SIM003,TP.HCM,2018,994,425,117104,126472,121788,0.4058971788547933,0.22,0.04,71620472,75159555,33445178,13855991,236315872,125713168,51759900,413788940,3437,167955763.38731533,27656896.96,16551557.6,245833176.61268467,7543526.052684665,0.018230371388574727,120392.47599650858,0.42889756309098065,MO_PHONG,HCM_SIM_v1
2024-03-01,2024,1,SIM004,TP.HCM,1851,838,396,103079,111325,107202,0.41893988952972,0.22,0.04,73269788,68145190,25542754,11871448,190799229,93290350,42451992,326541571,3085,136801289.68160123,20523877,13061662.84,189740281.31839877,-22674438.52160123,-0.06943813754604994,105848.15915721231,0.41569697109101006,MO_PHONG,HCM_SIM_v1
2024-03-01,2024,1,SIM005,TP.HCM,3269,1726,795,127363,137552,132458,0.4511799545958638,0.22,0.04,73334393,57880573,35236500,11020902,416349647,237414752,105304110,759068509,5790,342476495.42577004,52231245.44,30362740.36,416592013.57422996,156525659.77422994,0.20620755296572307,131099.9151986183,0.4514992493253333,MO_PHONG,HCM_SIM_v1
2024-03-01,2024,1,SIM006,TP.HCM,2496,899,537,122069,131835,126952,0.4518158994521946,0.22,0.04,102438712,44890401,25252846,10232776,304684224,118519665,68173224,491377113,3932,222011992.28031766,26074326.3,19655084.52,269365120.71968234,40820974.899682336,0.08307463620040914,124968.746948118,0.3799381046874277,MO_PHONG,HCM_SIM_v1
2024-03-01,2024,1,SIM007,TP.HCM,2444,1302,595,124928,134922,129925,0.4007918332703412,0.22,0.04,93752096,49154921,36020483,12563030,305324032,175668444,77305375,558297851,4341,223761219.2131818,38647057.68,22331914.04,334536631.7868182,82067130.06681821,0.14699524621100182,128610.42409583046,0.45311623275440477,MO_PHONG,HCM_SIM_v1
2024-03-01,2024,1,SIM008,TP.HCM,3690,1377,722,128333,138600,133466,0.40141588342376056,0.22,0.04,63263139,57751194,28725011,11280277,473548770,190852200,96362452,760763422,5789,305382521.1186132,41987484,30430536.88,455380900.8813868,221943259.00138682,0.29173755280966546,131415.34323717395,0.37753478110833777,MO_PHONG,HCM_SIM_v1
2024-03-01,2024,1,SIM009,TP.HCM,4036,1940,711,119243,128782,124013,0.4613319204747677,0.22,0.04,74811266,89660608,35076229,10670640,481264748,249837080,88173243,819275071,6687,377957741.90153164,54964157.6,32771002.84,441317329.09846836,143363425.65846837,0.174988145902548,122517.58202482428,0.41257244967484186,MO_PHONG,HCM_SIM_v1
2024-03-01,2024,1,SIM010,TP.HCM,3520,1143,648,112180,121154,116667,0.458094688160345,0.22,0.04,64536942,60030281,25408167,9335984,394873600,138479022,75600216,608952838,5311,278958060.4279671,30465384.84,24358113.52,329994777.5720329,115859905.21203293,0.19026088390121426,114658.79081152326,0.351553067234412,MO_PHONG,HCM_SIM_v1
2024-03-01,2024,1,SIM011,TP.HCM,3234,1393,736,100163,108176,104170,0.44787414861842995,0.22,0.04,65868858,56848947,28504050,13290946,323927142,150689168,76669120,551285430,5363,246906492.60699505,33151616.96,22051417.2,304378937.39300495,84663102.23300496,0.153573988401988,102794.22524706321,0.41241483200453893,MO_PHONG,HCM_SIM_v1
2024-03-01,2024,1,SIM012,TP.HCM,3151,1164,487,102269,110451,106360,0.4052359346393496,0.22,0.04,106452401,42926141,23202981,8551095,322249619,128564964,51797320,502611903,4802,203676404.27306712,28284292.080000002,20104476.12,298935498.7269329,69414112.52693288,0.138106782017323,104667.20179092044,0.35885000518978954,MO_PHONG,HCM_SIM_v1
2024-03-01,2024,1,SIM013,TP.HCM,3156,1017,428,109833,118620,114226,0.41132865082472564,0.22,0.04,69592389,58176009,34487902,13342931,346632948,120636540,48888728,516158216,4601,212310662.5993773,26540038.8,20646328.64,303847553.4006227,81061954.96062273,0.15704865765543238,112183.92001738753,0.328436635793084,MO_PHONG,HCM_SIM_v1
2024-03-01,2024,1,SIM014,TP.HCM,3503,1386,721,104285,112628,108456,0.43297081387601793,0.22,0.04,88824360,64900555,24834688,13644253,365310355,156102408,78196776,599609539,5610,259613430.1086539,34342529.76,23984381.56,339996108.8913461,89465341.5713461,0.14920600115960814,106882.27076648841,0.3907529296327622,MO_PHONG,HCM_SIM_v1
2024-03-01,2024,1,SIM015,TP.HCM,1906,689,333,125694,135750,130722,0.43746207037940626,0.22,0.04,77625612,48613190,22511988,14045624,239572764,93531750,43530426,376634940,2928,164763500.62962344,20576985,15065397.6,211871439.37037656,13432642.770376556,0.035664887517808504,128632.15163934426,0.3639125355709165,MO_PHONG,HCM_SIM_v1
2024-03-01,2024,1,SIM016,TP.HCM,2861,1262,653,115421,124655,120038,0.41370962684042756,0.22,0.04,86804046,64004689,28317420,10400125,330219481,157314610,78384814,565918905,4776,234126099.00949338,34609214.2,22636756.2,331792805.99050665,85020555.59050664,0.15023452095226725,118492.23304020101,0.41648975130102783,MO_PHONG,HCM_SIM_v1
2024-04-01,2024,2,SIM001,TP.HCM,3415,983,467,111574,120500,116037,0.4250254781544209,0.22,0.04,90527484,46587462,26620648,9714103,381025210,118451500,54189279,553665989,4865,235322151.71256533,26059330,22146639.56,318343837.2874347,96688170.7274347,0.174632671409106,113805.95868448098,0.3118139499805902,MO_PHONG,HCM_SIM_v1
2024-04-01,2024,2,SIM002,TP.HCM,2892,1318,511,124455,134411,129433,0.4337915755342693,0.22,0.04,97669733,85130794,23172732,11659160,359923860,177153698,66140263,603217821,4721,261670808.96193883,38973813.56,24128712.84,341547012.03806114,60812066.638061136,0.10081278191889019,127773.31518746028,0.40332687883238116,MO_PHONG,HCM_SIM_v1
2024-04-01,2024,2,SIM003,TP.HCM,2121,1046,447,116588,125915,121252,0.41190351588651536,0.22,0.04,71620472,75159555,33445178,13855991,247283148,131707090,54199644,433189882,3614,178432435.4422647,28975559.8,17327595.28,254757446.5577353,14373095.477735296,0.033179665719282186,119864.38350857775,0.42915760899512423,MO_PHONG,HCM_SIM_v1
2024-04-01,2024,2,SIM004,TP.HCM,1894,858,406,104829,113215,109022,0.40152780690230433,0.22,0.04,73269788,68145190,25542754,11871448,198546126,97138470,44262932,339947528,3158,136498385.3796997,21370463.4,13597901.120000001,203449142.6203003,-10348401.899699703,-0.030441174144086446,107646.46231792273,0.41595066989279594,MO_PHONG,HCM_SIM_v1
2024-04-01,2024,2,SIM005,TP.HCM,3875,2046,942,130186,140601,135393,0.4410619841143489,0.22,0.04,73334393,57880573,35236500,11020902,504470750,287669646,127540206,919680602,6863,405636151.0695988,63287322.12,36787224.08,514044450.9304012,236497536.73040122,0.25715181576744967,134005.62465394143,0.45147179476989774,MO_PHONG,HCM_SIM_v1
2024-04-01,2024,2,SIM006,TP.HCM,2743,989,590,116475,125793,121134,0.45260007596574725,0.22,0.04,102438712,44890401,25252846,10232776,319490925,124409277,71469060,515369262,4322,233256167.1316111,27370040.94,20614770.48,282113094.8683889,51313548.44838889,0.0995665675699318,119243.23507635354,0.3800737673796308,MO_PHONG,HCM_SIM_v1
2024-04-01,2024,2,SIM007,TP.HCM,2581,1375,628,122322,132108,127215,0.4071914381720126,0.22,0.04,93752096,49154921,36020483,12563030,315713082,181648500,79891020,577252602,4584,235052317.1969164,39962670,23090104.080000002,342200284.8030836,87656980.7230836,0.15185203222883628,125927.7054973822,0.45307638128238353,MO_PHONG,HCM_SIM_v1
2024-04-01,2024,2,SIM008,TP.HCM,3929,1467,769,125955,136031,130993,0.3931945854891092,0.22,0.04,63263139,57751194,28725011,11280277,494877195,199557477,100733617,795168289,6165,312655865.78743917,43902644.94,31806731.560000002,482512423.21256083,245783425.71256083,0.3090961109901112,128981.06877534468,0.3776447050946218,MO_PHONG,HCM_SIM_v1
2024-04-01,2024,2,SIM009,TP.HCM,3591,1727,633,122465,132262,127364,0.4594403076916933,0.22,0.04,74811266,89660608,35076229,10670640,439771815,228416474,80621412,748809701,5951,344033359.42996484,50251624.28,29952388.04,404776341.57003516,114353586.25003517,0.15271381513530255,125829.22214753822,0.41270550526695166,MO_PHONG,HCM_SIM_v1
2024-04-01,2024,2,SIM010,TP.HCM,3787,1229,696,114289,123432,118861,0.45228499474935235,0.22,0.04,64536942,60030281,25408167,9335984,432812443,151697928,82727256,667237627,5712,301781566.6242653,33373544.16,26689505.080000002,365456060.3757347,146081637.13573468,0.2189349509447474,116813.31004901961,0.35133687686950543,MO_PHONG,HCM_SIM_v1
2024-04-01,2024,2,SIM011,TP.HCM,3372,1452,767,97673,105487,101580,0.45374575292691594,0.22,0.04,65868858,56848947,28504050,13290946,329353356,153167124,77911860,560432340,5591,254293794.07789335,33696767.28,22417293.6,306138545.9221066,85511684.04210663,0.1525816373161239,100238.30084063674,0.41232271499535517,MO_PHONG,HCM_SIM_v1
2024-04-01,2024,2,SIM012,TP.HCM,3026,1117,468,101772,109914,105843,0.4042391547653824,0.22,0.04,106452401,42926141,23202981,8551095,307962072,122773938,49534524,480270534,4611,194144154.72287884,27010266.36,19210821.36,286126379.2771212,58772673.55712119,0.12237409833916896,104157.56538711776,0.3587737531280651,MO_PHONG,HCM_SIM_v1
2024-04-01,2024,2,SIM013,TP.HCM,3544,1142,480,109360,118109,113734,0.41979708943516014,0.22,0.04,69592389,58176009,34487902,13342931,387571840,134880478,54592320,577044638,5166,242241659.5065656,29673705.16,23081785.52,334802978.4934344,106448256.81343442,0.1844714425947658,111700.47193186218,0.3283503311922292,MO_PHONG,HCM_SIM_v1
2024-04-01,2024,2,SIM014,TP.HCM,3680,1456,758,101549,109673,105611,0.4244934704806656,0.22,0.04,88824360,64900555,24834688,13644253,373700320,159683888,80053138,613437346,5894,260400147.92598885,35130455.36,24537493.84,353037198.07401115,101165392.87401114,0.16491560798127727,104078.27383780116,0.3908093101328722,MO_PHONG,HCM_SIM_v1
2024-04-01,2024,2,SIM015,TP.HCM,2494,901,436,123534,133417,128475,0.4176854920573533,0.22,0.04,77625612,48613190,22511988,14045624,308093796,120208717,56015100,484317613,3831,202292440.4979478,26445917.74,19372704.52,282025172.5020522,73410136.2420522,0.15157436828970372,126420.6768467763,0.36386002133686596,MO_PHONG,HCM_SIM_v1
2024-04-01,2024,2,SIM016,TP.HCM,3797,1675,866,114454,123610,119032,0.4231142258364708,0.22,0.04,86804046,64004689,28317420,10400125,434581838,207046750,103081712,744710300,6338,315097522.0569459,45550285,29788412,429612777.9430541,164747800.94305408,0.22122401280478338,117499.25844114863,0.41644175191346217,MO_PHONG,HCM_SIM_v1
2024-05-01,2024,2,SIM001,TP.HCM,3847,1108,526,110412,119245,114828,0.43871990062296395,0.22,0.04,90527484,46587462,26620648,9714103,424754964,132123460,60399528,617277952,5481,270812121.7581867,29067161.2,24691118.080000002,346465830.2418133,119257853.9618133,0.19319960088549104,112621.41069147966,0.31189027143480413,MO_PHONG,HCM_SIM_v1
2024-05-01,2024,2,SIM002,TP.HCM,3225,1470,570,124911,134904,129907,0.43820762875489894,0.22,0.04,97669733,85130794,23172732,11659160,402837975,198308880,74046990,675193845,5265,295875093.76735276,43627953.6,27007753.8,379318751.23264724,91050624.83264723,0.13485108833100698,128241.94586894587,0.4033743376318841,MO_PHONG,HCM_SIM_v1
2024-05-01,2024,2,SIM003,TP.HCM,2417,1192,510,120274,129896,125085,0.40010399525985124,0.22,0.04,71620472,75159555,33445178,13855991,290702258,154836032,63793350,509331640,4119,203785624.07625225,34063927.04,20373265.6,305546015.9237478,57027627.28374778,0.11196560905532547,123654.19762078175,0.42924759592787126,MO_PHONG,HCM_SIM_v1
2024-05-01,2024,2,SIM004,TP.HCM,1986,900,425,101796,109940,105868,0.40585982770659035,0.22,0.04,73269788,68145190,25542754,11871448,202166856,98946000,44993900,346106756,3311,140470828.3582469,21768120,13844270.24,205635927.6417531,-8805642.598246895,-0.025441984143894883,104532.39383871942,0.4158829537554592,MO_PHONG,HCM_SIM_v1
2024-05-01,2024,2,SIM005,TP.HCM,3841,2028,933,125145,135157,130151,0.4497827101126313,0.22,0.04,73334393,57880573,35236500,11020902,480681945,274098396,121430883,876211224,6802,394104658.96182585,60301647.12,35048448.96,482106565.03817415,209284100.95817417,0.23885119846190667,128816.70449867686,0.4514085966559132,MO_PHONG,HCM_SIM_v1
2024-05-01,2024,2,SIM006,TP.HCM,2980,1074,641,121661,131394,126527,0.44272551625035705,0.22,0.04,102438712,44890401,25252846,10232776,362549780,141117156,81103807,584770743,4695,258892929.08277985,31045774.32,23390829.72,325877813.9172201,88626474.87722012,0.15155764192741106,124551.8089456869,0.38001381850938465,MO_PHONG,HCM_SIM_v1
2024-05-01,2024,2,SIM007,TP.HCM,2339,1246,569,124074,134000,129037,0.4006370988674462,0.22,0.04,93752096,49154921,36020483,12563030,290209086,166964000,73422053,530595139,4154,212576097.16212934,36732080,21223805.56,318019041.83787066,68572626.27787066,0.1292371928003484,127731.13601348098,0.45304985916955415,MO_PHONG,HCM_SIM_v1
2024-05-01,2024,2,SIM008,TP.HCM,3948,1473,772,122447,132243,127345,0.4055509328562767,0.22,0.04,63263139,57751194,28725011,11280277,483420756,194793939,98310340,776525035,6193,314920452.3305029,42854666.58,31061001.400000002,461604582.6694971,226669293.68949705,0.29190210678719075,125387.53996447602,0.37745631600918056,MO_PHONG,HCM_SIM_v1
2024-05-01,2024,2,SIM009,TP.HCM,4020,1933,708,121996,131756,126876,0.4514523175358772,0.22,0.04,74811266,89660608,35076229,10670640,490423920,254684348,89828208,834936476,6661,376934007.0854383,56030556.56,33397459.04,458002468.9145617,158355710.3145617,0.18966198611085916,125347.01636390932,0.41262127826836015,MO_PHONG,HCM_SIM_v1
2024-05-01,2024,2,SIM010,TP.HCM,3513,1140,646,118235,127694,122964,0.46170149858109655,0.22,0.04,64536942,60030281,25408167,9335984,415359555,145571160,79434744,640365459,5299,295657692.05987173,32025655.2,25614618.36,344707766.94012827,127756119.38012826,0.19950501324608183,120846.4727307039,0.35137108168103115,MO_PHONG,HCM_SIM_v1
2024-05-01,2024,2,SIM011,TP.HCM,3669,1580,834,97632,105443,101537,0.44394818780943757,0.22,0.04,65868858,56848947,28504050,13290946,358211808,166599940,84681858,609493606,6083,270583581.86513937,36651986.8,24379744.240000002,338910024.13486063,113365492.09486064,0.1859994772362889,100196.21995725793,0.41227962939450424,MO_PHONG,HCM_SIM_v1
2024-05-01,2024,2,SIM012,TP.HCM,3351,1237,518,98033,105876,101954,0.40327489995397625,0.22,0.04,106452401,42926141,23202981,8551095,328508583,130968612,52812172,512289367,5106,206593443.22441083,28813094.64,20491574.68,305695923.77558917,75258636.45558918,0.14690649719378066,100330.85918527223,0.35874409237933685,MO_PHONG,HCM_SIM_v1
2024-05-01,2024,2,SIM013,TP.HCM,4151,1339,563,108570,117256,112913,0.42043842252343894,0.22,0.04,69592389,58176009,34487902,13342931,450674070,157005784,63570019,671249873,6053,282219237.72317874,34541272.48,26849994.92,389030635.27682126,152040136.87682125,0.2265030400636236,110895.40277548324,0.32860461040266,MO_PHONG,HCM_SIM_v1
2024-05-01,2024,2,SIM014,TP.HCM,3557,1407,733,102179,110353,106266,0.4176997675653547,0.22,0.04,88824360,64900555,24834688,13644253,363450703,155266671,77892978,596610352,5697,249204005.35748446,34158667.62,23864414.080000002,347406346.64251554,97179408.94251554,0.16288589129696418,104723.60049148675,0.39080724667010136,MO_PHONG,HCM_SIM_v1
2024-05-01,2024,2,SIM015,TP.HCM,2341,846,409,123316,133181,128249,0.43045347416773444,0.22,0.04,77625612,48613190,22511988,14045624,288682756,112671126,52453841,453807723,3596,195343110.96949887,24787647.72,18152308.92,258464612.03050113,52728241.39050113,0.11619070967309458,126197.92074527252,0.36386548450168177,MO_PHONG,HCM_SIM_v1
2024-05-01,2024,2,SIM016,TP.HCM,4080,1800,931,115883,125154,120518,0.4185455362964422,0.22,0.04,86804046,64004689,28317420,10400125,472802640,225277200,112202258,810282098,6811,339139955.25881636,49560984,32411283.92,471142142.74118364,199643594.82118362,0.24638776459946377,118966.68594919982,0.416496253382609,MO_PHONG,HCM_SIM_v1
2024-06-01,2024,2,SIM001,TP.HCM,4036,1162,552,111637,120568,116102,0.43783817887306214,0.22,0.04,90527484,46587462,26620648,9714103,450566932,140100016,64088304,654755252,5750,286676847.1432529,30822003.52,26190210.080000002,368078404.8567471,137616494.2567471,0.2101800540528495,113870.47860869566,0.31185442098599614,MO_PHONG,HCM_SIM_v1
2024-06-01,2024,2,SIM002,TP.HCM,3058,1394,541,124160,134093,129126,0.4361614942084998,0.22,0.04,97669733,85130794,23172732,11659160,379681280,186925642,69857166,636464088,4993,277601127.6321301,41123641.24,25458563.52,358862960.3678699,74648336.60786991,0.11728601505615492,127471.27738834367,0.40345215518271316,MO_PHONG,HCM_SIM_v1
2024-06-01,2024,2,SIM003,TP.HCM,2439,1202,514,116161,125454,120807,0.4088003137521446,0.22,0.04,71620472,75159555,33445178,13855991,283316679,150795708,62094798,496207185,4155,202849652.91406846,33175055.76,19848287.400000002,293357532.08593154,46252992.925931536,0.09321306567927172,119424.1119133574,0.4290355166864422,MO_PHONG,HCM_SIM_v1
2024-06-01,2024,2,SIM004,TP.HCM,2035,922,436,104816,113201,109009,0.41123252176679675,0.22,0.04,73269788,68145190,25542754,11871448,213300560,104371322,47527924,365199806,3393,150182037.17012495,22961690.84,14607992.24,215017768.82987505,-1381094.2501249462,-0.003781749681775423,107633.30562923667,0.4159346294942993,MO_PHONG,HCM_SIM_v1
2024-06-01,2024,2,SIM005,TP.HCM,4087,2159,994,125179,135193,130186,0.45174978639930485,0.22,0.04,73334393,57880573,35236500,11020902,511606573,291881687,129404884,932893144,7240,421434278.53537595,64213971.14,37315725.76,511458865.46462405,232456800.56462404,0.24917837810224494,128852.64419889502,0.4515914536509875,MO_PHONG,HCM_SIM_v1
2024-06-01,2024,2,SIM006,TP.HCM,2709,976,583,117634,127045,122339,0.4525263877864927,0.22,0.04,102438712,44890401,25252846,10232776,318670506,123995920,71323637,513990063,4268,232594066.5675418,27279102.4,20559602.52,281395996.43245816,50742556.51245816,0.09872283564450576,120428.78701968135,0.38000648467789544,MO_PHONG,HCM_SIM_v1
2024-06-01,2024,2,SIM007,TP.HCM,2820,1502,687,121477,131195,126336,0.4163885199464858,0.22,0.04,93752096,49154921,36020483,12563030,342565140,197054890,86792832,626412862,5009,260831124.48362225,43352075.8,25056514.48,365581737.51637775,105682617.23637775,0.16871080344512107,125057.46895587942,0.45313201439340817,MO_PHONG,HCM_SIM_v1
2024-06-01,2024,2,SIM008,TP.HCM,3841,1433,751,123607,133496,128551,0.39702465941198173,0.22,0.04,63263139,57751194,28725011,11280277,474774487,191299768,96541801,762616056,6025,302777379.89550877,42085948.96,30504642.240000002,459838676.10449123,226228463.90449125,0.29664791624121173,126575.27900414937,0.3774396916185567,MO_PHONG,HCM_SIM_v1
2024-06-01,2024,2,SIM009,TP.HCM,4328,2081,762,118206,127662,122934,0.46150704912841317,0.22,0.04,74811266,89660608,35076229,10670640,511595568,265664622,93675708,870935898,7171,401943056.26598465,58446216.84,34837435.92,468992841.73401535,165490445.97401536,0.19001449630683998,121452.50285873658,0.41259101941392246,MO_PHONG,HCM_SIM_v1
2024-06-01,2024,2,SIM010,TP.HCM,4084,1325,751,111470,120388,115929,0.45916371869854633,0.22,0.04,64536942,60030281,25408167,9335984,455243480,159514100,87062679,701820259,6160,322250399.98041695,35093102,28072810.36,379569859.01958305,157092572.65958303,0.22383590477057322,113931.86022727273,0.35133893021460927,MO_PHONG,HCM_SIM_v1
2024-06-01,2024,2,SIM011,TP.HCM,3853,1658,876,97572,105378,101475,0.44655854066833855,0.22,0.04,65868858,56848947,28504050,13290946,375944916,174716724,88892100,639553740,6387,285598184.81337804,38437679.28,25582149.6,353955555.18662196,125422925.30662197,0.19611006466262235,100133.66838891499,0.4121761902291432,MO_PHONG,HCM_SIM_v1
2024-06-01,2024,2,SIM012,TP.HCM,3367,1243,521,101966,110123,106045,0.4031729431543499,0.22,0.04,106452401,42926141,23202981,8551095,343319522,136882889,55249445,535451856,5131,215879700.70097917,30114235.580000002,21418074.240000002,319572155.2990208,86907227.47902082,0.16230633343629836,104356.23777041513,0.3588227995609002,MO_PHONG,HCM_SIM_v1
2024-06-01,2024,2,SIM013,TP.HCM,3886,1253,527,108455,117131,112793,0.4211075695231557,0.22,0.04,69592389,58176009,34487902,13342931,421456130,146765143,59441911,627663184,5666,264313717.89340526,32288331.46,25106527.36,363349466.10659474,130355376.28659475,0.2076836424527247,110777.12389692906,0.32853138316298,MO_PHONG,HCM_SIM_v1
2024-06-01,2024,2,SIM014,TP.HCM,4140,1637,852,101953,110109,106031,0.4315664507355541,0.22,0.04,88824360,64900555,24834688,13644253,422085420,180248433,90338412,692672265,6629,298934110.9290072,39654655.26,27706890.6,393738154.0709928,134172752.21099283,0.19370308151574803,104491.21511540202,0.39064195099539606,MO_PHONG,HCM_SIM_v1
2024-06-01,2024,2,SIM015,TP.HCM,2430,878,425,127833,138060,132946,0.4237698619253934,0.22,0.04,77625612,48613190,22511988,14045624,310634190,121216680,56502050,488352920,3733,206949249.47926268,26667669.6,19534116.8,281403670.5207373,72405470.12073728,0.14826464049961507,130820.4982587731,0.3639145436050633,MO_PHONG,HCM_SIM_v1
2024-06-01,2024,2,SIM016,TP.HCM,4214,1858,961,112612,121621,117116,0.4224202452320606,0.22,0.04,86804046,64004689,28317420,10400125,474546968,225971818,112548476,813067262,7033,343456072.2042001,49713799.96,32522690.48,469611189.7957999,197848419.3557999,0.24333585744078318,115607.45940565904,0.4163496795668548,MO_PHONG,HCM_SIM_v1
2024-07-01,2024,3,SIM001,TP.HCM,3767,1085,515,110634,119485,115059,0.4291854276508093,0.22,0.04,90527484,46587462,26620648,9714103,416758278,129641225,59255385,605654888,5367,259938252.115083,28521069.5,24226195.52,345716635.884917,119519673.86491702,0.19733956785124968,112847.93888578349,0.3118881953116508,MO_PHONG,HCM_SIM_v1
2024-07-01,2024,3,SIM002,TP.HCM,3121,1422,552,123751,133651,128701,0.42270901906304065,0.22,0.04,97669733,85130794,23172732,11659160,386226871,190051722,71042952,647321545,5095,273628655.30532193,41811378.84,25892861.8,373692889.69467807,88356230.05467807,0.1364951170514154,127050.35230618253,0.40334618246021764,MO_PHONG,HCM_SIM_v1
2024-07-01,2024,3,SIM003,TP.HCM,2479,1222,523,118305,127769,123037,0.4042824493907392,0.22,0.04,71620472,75159555,33445178,13855991,293278095,156133718,64348351,513760164,4224,207704217.50130787,34349417.96,20550406.56,306055946.49869215,57074925.97869216,0.11109254858205035,121628.82670454546,0.4291536877506914,MO_PHONG,HCM_SIM_v1
2024-07-01,2024,3,SIM004,TP.HCM,2128,965,456,102776,110998,106887,0.4171963651571423,0.22,0.04,73269788,68145190,25542754,11871448,218707328,107113070,48740472,374560870,3549,156265433.4940969,23564875.4,14982434.8,218295436.5059031,918946.305903092,0.0024533964423541946,105539.83375598761,0.4160967001171265,MO_PHONG,HCM_SIM_v1
2024-07-01,2024,3,SIM005,TP.HCM,3681,1944,895,129085,139412,134248,0.44920289803296326,0.22,0.04,73334393,57880573,35236500,11020902,475161885,271016928,120151960,866330773,6520,389158293.8867372,59623724.160000004,34653230.92,477172479.1132628,205423156.03326276,0.23711861847168017,132872.8179447853,0.45152371379516953,MO_PHONG,HCM_SIM_v1
2024-07-01,2024,3,SIM006,TP.HCM,2806,1011,603,121364,131073,126219,0.449309514304623,0.22,0.04,102438712,44890401,25252846,10232776,340547384,132514803,76110057,549172244,4420,246748314.22121993,29153256.66,21966889.76,302423929.7787801,68489048.3587801,0.12471323725308321,124247.11402714932,0.37988966536335,MO_PHONG,HCM_SIM_v1
2024-07-01,2024,3,SIM007,TP.HCM,2729,1454,665,123970,133888,128929,0.40863118724897507,0.22,0.04,93752096,49154921,36020483,12563030,338314130,194673152,85737785,618725067,4848,252830358.70891166,42828093.44,24749002.68,365894708.29108834,106827082.17108834,0.172656787107493,127624.80754950496,0.4532076554771297,MO_PHONG,HCM_SIM_v1
2024-07-01,2024,3,SIM008,TP.HCM,4179,1559,817,127150,137322,132236,0.39609690529294317,0.22,0.04,63263139,57751194,28725011,11280277,531359850,214084998,108036812,853481660,6555,338061444.2502839,47098699.56,34139266.4,515420215.7497161,273162628.7897161,0.32005682323591594,130203.15179252479,0.37742089267624096,MO_PHONG,HCM_SIM_v1
2024-07-01,2024,3,SIM009,TP.HCM,4040,1942,712,118763,128264,123514,0.46501313284039497,0.22,0.04,74811266,89660608,35076229,10670640,479802520,249088688,87941968,816833176,6694,379838154.1797297,54799511.36,32673327.04,436995021.8202703,139303440.4202703,0.1705408699269951,122024.67523155065,0.4126064732708653,MO_PHONG,HCM_SIM_v1
2024-07-01,2024,3,SIM010,TP.HCM,4359,1414,802,117457,126854,122155,0.4666513303946704,0.22,0.04,64536942,60030281,25408167,9335984,511995063,179371556,97968310,789334929,6575,368344194.7448327,39461742.32,31573397.16,420990734.2551673,190644220.7751673,0.24152512928408276,120050.93977186312,0.3513589172486753,MO_PHONG,HCM_SIM_v1
2024-07-01,2024,3,SIM011,TP.HCM,3837,1652,872,97455,105251,101353,0.44451718015596275,0.22,0.04,65868858,56848947,28504050,13290946,373934835,173874652,88379816,636189303,6361,282797075.01494735,38252423.44,25447572.12,353392227.98505265,125179431.42505264,0.19676443919248457,100014.03914478855,0.4122270946136924,MO_PHONG,HCM_SIM_v1
2024-07-01,2024,3,SIM012,TP.HCM,3618,1336,560,98207,106064,102135,0.4093919635657221,0.22,0.04,106452401,42926141,23202981,8551095,355312926,141701504,57195600,554210030,5514,226889132.40951777,31174330.88,22168401.2,327320897.59048223,92845547.51048224,0.16752772863111523,100509.6173376859,0.3588839848315268,MO_PHONG,HCM_SIM_v1
2024-07-01,2024,3,SIM013,TP.HCM,3789,1221,513,110752,119612,115182,0.4093664811179042,0.22,0.04,69592389,58176009,34487902,13342931,419639328,146046252,59088366,624773946,5523,255761511.7681675,32130175.44,24990957.84,369012434.2318325,136292069.9518325,0.21814621244118348,113122.20640956002,0.3283341427941043,MO_PHONG,HCM_SIM_v1
2024-07-01,2024,3,SIM014,TP.HCM,4455,1763,918,106215,114712,110464,0.4314179218467325,0.22,0.04,88824360,64900555,24834688,13644253,473187825,202237256,101405952,776831033,7136,335138829.8829105,44492196.32,31073241.32,441692203.1170895,173922909.47708952,0.223887695121327,108860.85103699552,0.3908741992803472,MO_PHONG,HCM_SIM_v1
2024-07-01,2024,3,SIM015,TP.HCM,2755,996,482,129572,139938,134755,0.4214392817951739,0.22,0.04,77625612,48613190,22511988,14045624,356970860,139378248,64951910,561301018,4233,236554297.89681998,30663214.56,22452040.72,324746720.10318005,108835050.82318005,0.19389783259431048,132601.23269548782,0.36402955178677404,MO_PHONG,HCM_SIM_v1
2024-07-01,2024,3,SIM016,TP.HCM,3975,1753,906,114725,123903,119314,0.4214714459050447,0.22,0.04,86804046,64004689,28317420,10400125,456031875,217201959,108098484,781332318,6634,329309261.7998002,47784430.98,31253292.72,452023056.2001998,183459052.5001998,0.23480284671931334,117776.95477841423,0.4163406984529725,MO_PHONG,HCM_SIM_v1
2024-08-01,2024,3,SIM001,TP.HCM,3620,1042,495,112669,121683,117176,0.43271129295229915,0.22,0.04,90527484,46587462,26620648,9714103,407861780,126793686,58002120,592657586,5157,256449630.31604844,27894610.92,23706303.44,336207955.68395156,111157344.32395156,0.18755744792567552,114922.93697886368,0.3118087245743953,MO_PHONG,HCM_SIM_v1
2024-08-01,2024,3,SIM002,TP.HCM,3364,1534,595,125766,135827,130797,0.4414412067364902,0.22,0.04,97669733,85130794,23172732,11659160,423076824,208358618,77824215,709259657,5493,313096438.87558913,45838895.96,28370386.28,396163218.12441087,104321516.88441086,0.1470850849259721,129120.63662843619,0.40349515184676576,MO_PHONG,HCM_SIM_v1
2024-08-01,2024,3,SIM003,TP.HCM,2262,1115,477,120410,130043,125226,0.41457866145297884,0.22,0.04,71620472,75159555,33445178,13855991,272367420,144997945,59732802,477098167,3854,197794719.45652977,31899547.9,19083926.68,279303447.54347026,34238776.963470265,0.07176463740945428,123792.98572911261,0.4291166077777029,MO_PHONG,HCM_SIM_v1
2024-08-01,2024,3,SIM004,TP.HCM,1720,779,368,101429,109543,105486,0.4123057402018458,0.22,0.04,73269788,68145190,25542754,11871448,174457880,85333997,38818848,298610725,2867,123118916.00333482,18773479.34,11944429,175491808.99666518,-34055279.343334824,-0.11404573410193095,104154.42099755842,0.4157682045747017,MO_PHONG,HCM_SIM_v1
2024-08-01,2024,3,SIM005,TP.HCM,4009,2117,974,128665,138958,133812,0.43596376132220027,0.22,0.04,73334393,57880573,35236500,11020902,515817985,294174086,130332888,940324959,7100,409947605.99078375,64718298.92,37612998.36,530377353.00921625,250573687.72921625,0.2664756319939565,132440.13507042255,0.45144709808771544,MO_PHONG,HCM_SIM_v1
2024-08-01,2024,3,SIM006,TP.HCM,2874,1035,618,120342,129969,125156,0.4361043757852167,0.22,0.04,102438712,44890401,25252846,10232776,345862908,134517915,77346408,557727231,4527,243227285.93367237,29593941.3,22309089.240000002,314499945.06632763,79782179.52632762,0.14304874334946652,123200.18356527502,0.3798708602054971,MO_PHONG,HCM_SIM_v1
2024-08-01,2024,3,SIM007,TP.HCM,2545,1356,620,124912,134905,129908,0.4042263678647578,0.22,0.04,93752096,49154921,36020483,12563030,317901040,182931180,80542960,581375180,4521,235007177.37811977,40244859.6,23255007.2,346368002.62188023,91377605.82188024,0.1571749344749809,128594.37735014377,0.4531912421854679,MO_PHONG,HCM_SIM_v1
2024-08-01,2024,3,SIM008,TP.HCM,3568,1332,698,124116,134045,129081,0.40994021688587967,0.22,0.04,63263139,57751194,28725011,11280277,442845888,178547940,90098538,711492366,5598,291669334.8306877,39280546.8,28459694.64,419823031.1693123,191063168.7293123,0.2685386068208528,127097.60021436228,0.3775816731672424,MO_PHONG,HCM_SIM_v1
2024-08-01,2024,3,SIM009,TP.HCM,3820,1836,673,123655,133547,128601,0.4523987302929163,0.22,0.04,74811266,89660608,35076229,10670640,472362100,245192292,86548473,804102865,6329,363775115.15089625,53942304.24,32164114.6,440327749.84910375,144002588.00910375,0.17908478414525206,127050.53957971244,0.41256010821451305,MO_PHONG,HCM_SIM_v1
2024-08-01,2024,3,SIM010,TP.HCM,3876,1258,713,117741,127160,122451,0.4540541652124375,0.22,0.04,64536942,60030281,25408167,9335984,456364116,159967280,87307563,703638959,5847,319490200.13969356,35192801.6,28145558.36,384148758.86030644,161499024.90030643,0.22951973143986537,120341.87771506756,0.35142289925421827,MO_PHONG,HCM_SIM_v1
2024-08-01,2024,3,SIM011,TP.HCM,3834,1651,872,102314,110499,106407,0.4493777561746538,0.22,0.04,65868858,56848947,28504050,13290946,392271876,182433849,92786904,667492629,6357,299956339.8831407,40135446.78,26699705.16,367536289.1168593,136188336.17685932,0.2040297229662132,105001.20009438414,0.4123202879593147,MO_PHONG,HCM_SIM_v1
2024-08-01,2024,3,SIM012,TP.HCM,3153,1165,488,99916,107909,103913,0.40076954663731157,0.22,0.04,106452401,42926141,23202981,8551095,315035148,125713985,50709544,491458677,4806,196961671.17226294,27657076.7,19658347.080000002,294497005.8277371,66048964.04773709,0.1343937285855207,102259.40012484395,0.3589793755945833,MO_PHONG,HCM_SIM_v1
2024-08-01,2024,3,SIM013,TP.HCM,4105,1323,556,111017,119898,115458,0.41623413924127817,0.22,0.04,69592389,58176009,34487902,13342931,455724785,158625054,64194648,678544487,5984,282433380.48335963,34897511.88,27141779.48,396111106.51664037,158472584.15664035,0.23354781770799407,113393.12951203209,0.3283789143805983,MO_PHONG,HCM_SIM_v1
2024-08-01,2024,3,SIM014,TP.HCM,3840,1519,791,102816,111041,106929,0.4276762390043587,0.22,0.04,88824360,64900555,24834688,13644253,394813440,168671279,84580839,648065558,6150,277162240.47370106,37107681.38,25922622.32,370903317.52629894,115669157.82629894,0.17848372961412484,105376.51349593495,0.39078163447161623,MO_PHONG,HCM_SIM_v1
2024-08-01,2024,3,SIM015,TP.HCM,2539,917,444,129154,139486,134320,0.4368171414919198,0.22,0.04,77625612,48613190,22511988,14045624,327922006,127908662,59638080,515468748,3900,225165585.02977875,28139905.64,20618749.92,290303162.9702213,78748093.41022128,0.15276986959104896,132171.47384615385,0.36383726991728316,MO_PHONG,HCM_SIM_v1
2024-08-01,2024,3,SIM016,TP.HCM,3512,1549,801,116634,125965,121299,0.4154986378271133,0.22,0.04,86804046,64004689,28317420,10400125,409618608,195119785,97160499,701898892,5862,291638033.51836014,42926352.7,28075955.68,410260858.48163986,149732270.10163987,0.21332455686742965,119737.10201296485,0.4164136563418311,MO_PHONG,HCM_SIM_v1
2024-09-01,2024,3,SIM001,TP.HCM,3090,890,423,112353,121341,116847,0.4252599520236254,0.22,0.04,90527484,46587462,26620648,9714103,347170770,107993490,49426281,504590541,4403,214582149.25723517,23758567.8,20183621.64,290008391.74276483,72616505.30276483,0.14391174507324908,114601.53100158983,0.3119752714508376,MO_PHONG,HCM_SIM_v1
2024-09-01,2024,3,SIM002,TP.HCM,3038,1385,537,122975,132813,127894,0.4232342168968171,0.22,0.04,97669733,85130794,23172732,11659160,373598050,183946005,68679078,626223133,4960,265039057.29792637,40468121.1,25048925.32,361184075.70207363,78034610.28207363,0.12461151013096418,126254.66391129032,0.40341065298844525,MO_PHONG,HCM_SIM_v1
2024-09-01,2024,3,SIM003,TP.HCM,2335,1151,492,120134,129745,124939,0.40320549046620724,0.22,0.04,71620472,75159555,33445178,13855991,280512890,149336495,61469988,491319373,3978,198102668.76601443,32854028.9,19652774.92,293216704.23398554,46628704.41398554,0.09490508002823154,123509.14353946707,0.42906202072353455,MO_PHONG,HCM_SIM_v1
2024-09-01,2024,3,SIM004,TP.HCM,1823,827,391,105747,114207,109977,0.4028689354751259,0.22,0.04,73269788,68145190,25542754,11871448,192776781,94449189,43001007,330226977,3041,133038190.68915889,20778821.580000002,13209079.08,197188786.3108411,-15628294.34915889,-0.04732591652909959,108591.57415323907,0.41622945904870756,MO_PHONG,HCM_SIM_v1
2024-09-01,2024,3,SIM005,TP.HCM,3138,1656,762,123506,133386,128446,0.4411861238256097,0.22,0.04,73334393,57880573,35236500,11020902,387561828,220887216,97875852,706324896,5556,311620743.0277669,48595187.52,28252995.84,394704152.9722331,140383601.6122331,0.19875216406393398,127128.31101511879,0.4512980779881784,MO_PHONG,HCM_SIM_v1
2024-09-01,2024,3,SIM006,TP.HCM,2491,897,536,120290,129913,125102,0.4504131084587425,0.22,0.04,102438712,44890401,25252846,10232776,299642390,116531961,67054672,483229023,3924,217652686.34691116,25637031.42,19329160.92,265576336.65308884,37795409.313088834,0.07821427835283154,123147.0496941896,0.3799164045657912,MO_PHONG,HCM_SIM_v1
2024-09-01,2024,3,SIM007,TP.HCM,2453,1307,597,127369,137559,132464,0.41646111013367776,0.22,0.04,93752096,49154921,36020483,12563030,312436157,179789613,79081008,571306778,4357,237927054.99277458,39553714.86,22852271.12,333379723.0072254,79483207.02722539,0.1391252652479915,131123.8875372963,0.4531201641020965,MO_PHONG,HCM_SIM_v1
2024-09-01,2024,3,SIM008,TP.HCM,3837,1432,751,122786,132609,127697,0.39316854682751,0.22,0.04,63263139,57751194,28725011,11280277,471129882,189896088,95900447,756926417,6020,297599659.4272439,41777139.36,30277056.68,459326757.5727561,226252940.53275612,0.2989100861738799,125735.28521594685,0.37757505694242405,MO_PHONG,HCM_SIM_v1
2024-09-01,2024,3,SIM009,TP.HCM,3409,1639,601,117488,126887,122188,0.45286153435707094,0.22,0.04,74811266,89660608,35076229,10670640,400516592,207967793,73434988,681919373,5649,308815053.56459177,45752914.46,27276774.92,373104319.43540823,89855887.05540824,0.13176907800712714,120715.05983359886,0.41266283396820286,MO_PHONG,HCM_SIM_v1
2024-09-01,2024,3,SIM010,TP.HCM,3221,1045,592,111799,120743,116271,0.4579222109448165,0.22,0.04,64536942,60030281,25408167,9335984,360104579,126176435,68832432,555113446,4858,254198776.51751602,27758815.7,22204537.84,300914669.482484,91639941.94248399,0.1650832682991505,114267.89748867847,0.35129552059165936,MO_PHONG,HCM_SIM_v1
2024-09-01,2024,3,SIM011,TP.HCM,3534,1521,804,100774,108836,104805,0.4550571998767555,0.22,0.04,65868858,56848947,28504050,13290946,356135316,165539556,84263220,605938092,5859,275736491.4441839,36418702.32,24237523.68,330201600.5558161,105032573.55581611,0.1733387864907759,103420.05325140808,0.4122579175959778,MO_PHONG,HCM_SIM_v1
2024-09-01,2024,3,SIM012,TP.HCM,3450,1274,534,102181,110355,106268,0.3982721840683371,0.22,0.04,106452401,42926141,23202981,8551095,352524450,140592270,56747112,549863832,5258,218995469.31082517,30930299.4,21994553.28,330868362.68917483,96810892.00917482,0.1760633931077955,104576.61316089769,0.3588877291350925,MO_PHONG,HCM_SIM_v1
2024-09-01,2024,3,SIM013,TP.HCM,3738,1205,507,111253,120153,115703,0.4199365570768714,0.22,0.04,69592389,58176009,34487902,13342931,415863714,144784365,58661421,619309500,5450,260070699.19499868,31852560.3,24772380,359238800.8050013,127014629.50500132,0.20509071716968869,113634.77064220184,0.3285042228481882,MO_PHONG,HCM_SIM_v1
2024-09-01,2024,3,SIM014,TP.HCM,3843,1520,791,104070,112396,108233,0.4146111165639013,0.22,0.04,88824360,64900555,24834688,13644253,399941010,170841920,85612303,656395233,6154,272148760.46135217,37585222.4,26255809.32,384246472.53864783,128201584.81864783,0.19531157201235774,106661.55882352941,0.3907009224120919,MO_PHONG,HCM_SIM_v1
2024-09-01,2024,3,SIM015,TP.HCM,2300,831,402,123511,133392,128451,0.42655962998047475,0.22,0.04,77625612,48613190,22511988,14045624,284075300,110848752,51637302,446561354,3533,190485045.92581978,24386725.44,17862454.16,256076308.07418022,51030714.474180214,0.11427481132677732,126397.21313331446,0.36386053684349945,MO_PHONG,HCM_SIM_v1
2024-09-01,2024,3,SIM016,TP.HCM,3844,1696,877,112010,120971,116490,0.40611772675998514,0.22,0.04,86804046,64004689,28317420,10400125,430566440,205166816,102161730,737894986,6417,299672234.30191106,45136699.52,29515799.44,438222751.69808894,174043972.73808894,0.23586550395409372,114990.6476546673,0.4164936092952392,MO_PHONG,HCM_SIM_v1
2024-10-01,2024,4,SIM001,TP.HCM,3856,1110,527,113341,122408,117875,0.44432011336088184,0.22,0.04,90527484,46587462,26620648,9714103,437042896,135872880,62120125,635035901,5493,282159223.5205497,29892033.6,25401436.04,352876677.4794503,124133510.83945028,0.19547479228178358,115608.2106317131,0.311782380631107,MO_PHONG,HCM_SIM_v1
2024-10-01,2024,4,SIM002,TP.HCM,2976,1357,526,126504,136624,131564,0.4249993654619903,0.22,0.04,97669733,85130794,23172732,11659160,376475904,185398768,69202664,631077336,4859,268207467.35744324,40787728.96,25243093.44,362869868.6425568,79206627.24255678,0.1255101755746728,129878.02757769088,0.4034393527958989,MO_PHONG,HCM_SIM_v1
2024-10-01,2024,4,SIM003,TP.HCM,2269,1119,478,115118,124327,119723,0.4029177582077682,0.22,0.04,71620472,75159555,33445178,13855991,261202742,139121913,57227594,457552249,3866,184355926.43000254,30606820.86,18302089.96,273196322.56999743,30206215.74999743,0.06601697580115584,118352.88385928608,0.4291302412546988,MO_PHONG,HCM_SIM_v1
2024-10-01,2024,4,SIM004,TP.HCM,1925,872,412,102285,110468,106376,0.4016981458012015,0.22,0.04,73269788,68145190,25542754,11871448,196898625,96328096,43826912,337053633,3209,135393819.41165867,21192181.12,13482145.32,201659813.58834133,-11843692.851658672,-0.03513889687597188,105033.85260205672,0.4158240537344987,MO_PHONG,HCM_SIM_v1
2024-10-01,2024,4,SIM005,TP.HCM,3638,1921,884,128124,138374,133249,0.4531057643517852,0.22,0.04,73334393,57880573,35236500,11020902,466115112,265816454,117792116,849723682,6443,385014698.42042327,58479619.88,33988947.28,464708983.57957673,194768048.41957673,0.22921339318347578,131883.23482849603,0.45145095767732174,MO_PHONG,HCM_SIM_v1
2024-10-01,2024,4,SIM006,TP.HCM,2558,922,550,121535,131258,126396,0.4429605048056692,0.22,0.04,102438712,44890401,25252846,10232776,310886530,121019876,69517800,501424206,4030,222111119.41154185,26624372.72,20056968.240000002,279313086.5884582,49817010.62845818,0.09935102859485444,124422.87990074442,0.3799929754488159,MO_PHONG,HCM_SIM_v1
2024-10-01,2024,4,SIM007,TP.HCM,2401,1279,585,124889,134880,129885,0.39879824364557864,0.22,0.04,93752096,49154921,36020483,12563030,299858489,172511520,75982725,548352734,4265,218682107.21745118,37952534.4,21934109.36,329670626.7825488,78293453.0225488,0.14277936110837153,128570.39484173505,0.45316496042126053,MO_PHONG,HCM_SIM_v1
2024-10-01,2024,4,SIM008,TP.HCM,3852,1438,754,127579,137785,132682,0.39658725400455297,0.22,0.04,63263139,57751194,28725011,11280277,491434308,198134830,100042228,789611366,6044,313149803.37272406,43589662.6,31584454.64,476461562.62727594,240267824.38727593,0.3042861776476454,130643.83951025811,0.3776250834768252,MO_PHONG,HCM_SIM_v1
2024-10-01,2024,4,SIM009,TP.HCM,3652,1756,643,119825,129411,124618,0.4581187691539526,0.22,0.04,74811266,89660608,35076229,10670640,437600900,227245716,80129374,744975990,6051,341287483.5880473,49994057.52,29799039.6,403688506.4119527,113676666.29195267,0.1525910469838802,123116.17749132375,0.41259731068648264,MO_PHONG,HCM_SIM_v1
2024-10-01,2024,4,SIM010,TP.HCM,4010,1301,737,114877,124067,119472,0.46021561163477603,0.22,0.04,64536942,60030281,25408167,9335984,460656770,161411167,88050864,710118801,6048,326807758.3355688,35510456.74,28404752.04,383311042.6644312,160084459.8844312,0.2254333495451717,117413.82291666667,0.351296192480334,MO_PHONG,HCM_SIM_v1
2024-10-01,2024,4,SIM011,TP.HCM,3747,1613,852,97831,105657,101744,0.45158572366461164,0.22,0.04,65868858,56848947,28504050,13290946,366572757,170424741,86685888,623683386,6212,281646513.2044053,37493443.02,24947335.44,342036872.7955947,115083293.33559468,0.18452198009262777,100399.77237604636,0.412245435378649,MO_PHONG,HCM_SIM_v1
2024-10-01,2024,4,SIM012,TP.HCM,3591,1326,556,101024,109106,105065,0.4137452738080174,0.22,0.04,106452401,42926141,23202981,8551095,362777184,144674556,58416140,565867880,5473,234125160.94976234,31828402.32,22634715.2,331742719.05023766,96146983.53023766,0.16991065746696501,103392.6329252695,0.35890126154536284,MO_PHONG,HCM_SIM_v1
2024-10-01,2024,4,SIM013,TP.HCM,4033,1300,547,106470,114988,110729,0.4096567790582776,0.22,0.04,69592389,58176009,34487902,13342931,429393510,149484400,60568763,639446673,5880,261953664.44071168,32886568,25577866.92,377493008.5592883,143429342.6392883,0.22430227366166672,108749.43418367347,0.32849207270799263,MO_PHONG,HCM_SIM_v1
2024-10-01,2024,4,SIM014,TP.HCM,3675,1454,757,107154,115726,111440,0.4290899251308292,0.22,0.04,88824360,64900555,24834688,13644253,393790950,168265604,84360080,646416634,5886,277370865.0863826,37018432.88,25856665.36,369045768.9136174,113966814.67361736,0.17630551053179946,109822.73768263677,0.3908093800692635,MO_PHONG,HCM_SIM_v1
2024-10-01,2024,4,SIM015,TP.HCM,2343,847,410,124332,134279,129305,0.42437371747568253,0.22,0.04,77625612,48613190,22511988,14045624,291309876,113734313,53015050,458059239,3600,194388302.07851213,25021548.86,18322369.56,263670936.92148787,57530604.501487866,0.12559642859094883,127238.6775,0.3640344933638594,MO_PHONG,HCM_SIM_v1
2024-10-01,2024,4,SIM016,TP.HCM,3738,1649,852,115544,124788,120166,0.4055110247153789,0.22,0.04,86804046,64004689,28317420,10400125,431903472,205775412,102381432,740060316,6239,300102617.09234715,45270590.64,29602412.64,439957698.90765285,175558415.62765285,0.23722176670212494,118618.41897740023,0.4163942280618111,MO_PHONG,HCM_SIM_v1
2024-11-01,2024,4,SIM001,TP.HCM,3583,1031,490,114501,123661,119081,0.43177501671016216,0.22,0.04,90527484,46587462,26620648,9714103,410257083,127494491,58349690,596101264,5104,257381633.2245488,28048788.02,23844050.56,338719630.7754512,113377095.19545119,0.1901977097559907,116791,0.311766124689848,MO_PHONG,HCM_SIM_v1
2024-11-01,2024,4,SIM002,TP.HCM,3487,1590,617,125973,136051,131012,0.42843312459997834,0.22,0.04,97669733,85130794,23172732,11659160,439267851,216321090,80834404,736423345,5694,315508154.7267178,47590639.8,29456933.8,420915190.2732822,126235197.67328218,0.17141661590492108,129333.21829996488,0.4035117789482896,MO_PHONG,HCM_SIM_v1
2024-11-01,2024,4,SIM003,TP.HCM,2289,1128,483,120220,129838,125029,0.4094585677050054,0.22,0.04,71620472,75159555,33445178,13855991,275183580,146457264,60389007,482029851,3900,197371252.38151714,32220598.080000002,19281194.04,284658598.6184828,39075610.49848282,0.08106471086265324,123597.3976923077,0.4291150653240353,MO_PHONG,HCM_SIM_v1
2024-11-01,2024,4,SIM004,TP.HCM,2000,906,428,104261,112602,108431,0.4168594722542912,0.22,0.04,73269788,68145190,25542754,11871448,208522000,102017412,46408468,356947880,3334,148797104.87908807,22443830.64,14277915.200000001,208150775.12091193,-7400150.719088078,-0.0207317402167736,107062.95140971805,0.4158194748208058,MO_PHONG,HCM_SIM_v1
2024-11-01,2024,4,SIM005,TP.HCM,4001,2113,973,125737,135796,130766,0.44279049295932055,0.22,0.04,73334393,57880573,35236500,11020902,503073737,286936948,127235318,917246003,7087,406147809.8333364,63126128.56,36689840.12,511098193.1666636,233809856.48666358,0.25490419769827394,129426.55608861295,0.45153891610907354,MO_PHONG,HCM_SIM_v1
2024-11-01,2024,4,SIM006,TP.HCM,3002,1082,646,116770,126112,121441,0.4364440135564655,0.22,0.04,102438712,44890401,25252846,10232776,350543540,136453184,78450886,565447610,4730,246786224.364311,30019700.48,22617904.400000002,318661385.635689,83209045.75568902,0.14715606589209745,119544.94926004228,0.3800600908013388,MO_PHONG,HCM_SIM_v1
2024-11-01,2024,4,SIM007,TP.HCM,2406,1282,586,127295,137479,132387,0.39862637924030425,0.22,0.04,93752096,49154921,36020483,12563030,306271770,176248078,77578782,560098630,4274,223270088.89435485,38774577.160000004,22403945.2,336828541.1056452,84159488.74564518,0.1502583370818907,131047.87786616753,0.4531824332439449,MO_PHONG,HCM_SIM_v1
2024-11-01,2024,4,SIM008,TP.HCM,3494,1304,683,125455,135491,130473,0.3959431035537273,0.22,0.04,63263139,57751194,28725011,11280277,438339770,176680264,89113059,704133093,5481,278796642.1573053,38869658.08,28165323.72,425336450.8426947,197281848.0426947,0.2801769296230119,128467.99726327312,0.3774759710093614,MO_PHONG,HCM_SIM_v1
2024-11-01,2024,4,SIM009,TP.HCM,3583,1722,631,119425,128979,124202,0.46615719005465506,0.22,0.04,74811266,89660608,35076229,10670640,427899775,222101838,78371462,728373075,5936,339536345.9534685,48862404.36,29134923,388836729.0465315,100620658.6865315,0.13814439624437175,122704.35899595688,0.412526643712084,MO_PHONG,HCM_SIM_v1
2024-11-01,2024,4,SIM010,TP.HCM,3847,1249,708,114516,123677,119097,0.46705466757528485,0.22,0.04,64536942,60030281,25408167,9335984,440543052,154472573,84320676,679336301,5804,317287190.2353786,33983966.06,27173452.04,362049110.7646214,141580318.66462138,0.20840976473097583,117046.22691247416,0.3515096258634941,MO_PHONG,HCM_SIM_v1
2024-11-01,2024,4,SIM011,TP.HCM,3843,1655,874,99404,107356,103380,0.45885682119056587,0.22,0.04,65868858,56848947,28504050,13290946,382009572,177674180,90354120,650037872,6372,298274311.5993999,39088319.6,26001514.88,351763560.4006001,122160924.92060007,0.18792893488612009,102014.73195229127,0.4123272066831208,MO_PHONG,HCM_SIM_v1
2024-11-01,2024,4,SIM012,TP.HCM,3147,1162,487,100490,108529,104510,0.3986631200555712,0.22,0.04,106452401,42926141,23202981,8551095,316242030,126110698,50896370,493249098,4796,196640224.3732762,27744353.56,19729963.92,296608873.62672377,68001938.14672376,0.13786530664212945,102845.93369474562,0.35885938508092313,MO_PHONG,HCM_SIM_v1
2024-11-01,2024,4,SIM013,TP.HCM,4076,1314,553,110347,119175,114761,0.40928488086909054,0.22,0.04,69592389,58176009,34487902,13342931,449774372,156595950,63462833,669833155,5943,274152583.0463421,34451109,26793326.2,395680571.9536579,158836905.75365794,0.23712905903210768,112709.60037018341,0.3285277555423485,MO_PHONG,HCM_SIM_v1
2024-11-01,2024,4,SIM014,TP.HCM,4028,1593,829,104691,113066,108879,0.4293276915606112,0.22,0.04,88824360,64900555,24834688,13644253,421695348,180114138,90260691,692070177,6450,297124891.4893536,39625110.36,27682807.080000002,394945285.5106464,135433512.0706464,0.19569332211037668,107297.70186046511,0.3906754516890561,MO_PHONG,HCM_SIM_v1
2024-11-01,2024,4,SIM015,TP.HCM,2614,945,457,123541,133424,128483,0.4347671554423869,0.22,0.04,77625612,48613190,22511988,14045624,322936174,126085680,58716731,507738585,4016,220748060.3087926,27738849.6,20309543.400000002,286990524.6912074,76145717.69120741,0.1499703192563303,126428.93052788844,0.3639715721033886,MO_PHONG,HCM_SIM_v1
2024-11-01,2024,4,SIM016,TP.HCM,3747,1653,855,116440,125755,121098,0.4051772499550134,0.22,0.04,86804046,64004689,28317420,10400125,436300680,207873015,103538790,747712485,6255,302956088.4293292,45732063.3,29908499.400000002,444756396.5706708,179589553.8706708,0.2401853084888248,119538.36690647482,0.41648603072342705,MO_PHONG,HCM_SIM_v1
2024-12-01,2024,4,SIM001,TP.HCM,4036,1162,552,109496,118256,113876,0.43765243306756024,0.22,0.04,90527484,46587462,26620648,9714103,441925856,137413472,62859552,642198880,5750,281059902.34526217,30230963.84,25687955.2,361138977.65473783,131770361.61473784,0.20518622146263762,111686.76173913044,0.31185514369006684,MO_PHONG,HCM_SIM_v1
2024-12-01,2024,4,SIM002,TP.HCM,3314,1510,586,124665,134638,129652,0.4387671227287501,0.22,0.04,97669733,85130794,23172732,11659160,413139810,203303380,75976072,692419262,5410,303810807.3097046,44726743.6,27696770.48,388608454.6902954,98552521.6102954,0.14233070484728283,127988.773012939,0.40333865235539906,MO_PHONG,HCM_SIM_v1
2024-12-01,2024,4,SIM003,TP.HCM,2444,1205,515,121103,130791,125947,0.4153093032352626,0.22,0.04,71620472,75159555,33445178,13855991,295975732,157603155,64862705,518441592,4164,215313616.3417003,34672694.1,20737663.68,303127975.6582997,53636421.87829968,0.10345701947134613,124505.66570605188,0.42910496270522985,MO_PHONG,HCM_SIM_v1
2024-12-01,2024,4,SIM004,TP.HCM,2085,944,446,102553,110757,106655,0.40042292215861386,0.22,0.04,73269788,68145190,25542754,11871448,213823005,104554608,47568130,365945743,3475,146533063.76356512,23002013.76,14637829.72,219412679.23643488,2943655.7564348727,0.00804396775408007,105308.12748201439,0.4156975204928125,MO_PHONG,HCM_SIM_v1
2024-12-01,2024,4,SIM005,TP.HCM,4010,2117,974,128791,139094,133943,0.4478901509568095,0.22,0.04,73334393,57880573,35236500,11020902,516451910,294461998,130460482,941374390,7101,421632317.6439745,64781639.56,37654975.6,519742072.3560255,239833089.19602552,0.25476908203974563,132569.27052527812,0.45138521348557187,MO_PHONG,HCM_SIM_v1
2024-12-01,2024,4,SIM006,TP.HCM,2899,1045,624,117370,126760,122065,0.4442837396916002,0.22,0.04,102438712,44890401,25252846,10232776,340255630,132464200,76168560,548888390,4568,243862186.58250153,29142124,21955535.6,305026203.41749847,71113808.81749848,0.12955968847783148,120159.45490367776,0.38010051551646046,MO_PHONG,HCM_SIM_v1
2024-12-01,2024,4,SIM007,TP.HCM,2621,1396,638,126449,136565,131507,0.41100990900769835,0.22,0.04,93752096,49154921,36020483,12563030,331422829,190644740,83901466,605969035,4655,249059277.9368328,41941842.8,24238761.400000002,356909757.0631672,99238622.86316721,0.16376847187111998,130175.94736842105,0.45306969521965756,MO_PHONG,HCM_SIM_v1
2024-12-01,2024,4,SIM008,TP.HCM,4409,1645,862,124833,134820,129826,0.4006742668617517,0.22,0.04,63263139,57751194,28725011,11280277,550388697,221778900,111910012,884077609,6916,354227147.8349654,48791358,35363104.36,529850461.1650346,284676377.8050346,0.3220038319113617,127830.77053209949,0.377443007947507,MO_PHONG,HCM_SIM_v1
2024-12-01,2024,4,SIM009,TP.HCM,3878,1865,683,117325,126711,122018,0.4649830836802721,0.22,0.04,74811266,89660608,35076229,10670640,454986350,236316015,83338294,774640659,6426,360194802.3659381,51989523.3,30985626.36,414445856.6340619,121251963.97406188,0.15652672315262744,120547.87721755369,0.41264850390456975,MO_PHONG,HCM_SIM_v1
2024-12-01,2024,4,SIM010,TP.HCM,3796,1232,698,116615,125944,121280,0.4674698353093118,0.22,0.04,64536942,60030281,25408167,9335984,442670540,155163008,84653440,682486988,5726,319042079.8811083,34135861.76,27299479.52,363444908.1188917,142698192.8388917,0.2090855874879943,119190.88159273489,0.3513861102359947,MO_PHONG,HCM_SIM_v1
2024-12-01,2024,4,SIM011,TP.HCM,4057,1747,923,102921,111155,107038,0.460377267356962,0.22,0.04,65868858,56848947,28504050,13290946,417550497,194187785,98796074,710534356,6727,327113865.17851883,42721312.7,28421374.240000002,383420490.82148117,147765002.88148117,0.20796320633014004,105624.25390218523,0.4123429873952499,MO_PHONG,HCM_SIM_v1
2024-12-01,2024,4,SIM012,TP.HCM,3446,1273,533,101836,109983,105909,0.4128789332602173,0.22,0.04,106452401,42926141,23202981,8551095,350926856,140008359,56449497,547384712,5252,226003615.97351128,30801838.98,21895388.48,321381096.0264887,87551250.56648871,0.1599446397518108,104224.05026656511,0.358902708996374,MO_PHONG,HCM_SIM_v1
2024-12-01,2024,4,SIM013,TP.HCM,4282,1380,580,109197,117933,113565,0.42116796944290397,0.22,0.04,69592389,58176009,34487902,13342931,467581554,162747540,65867700,696196794,6242,293215790.0616397,35804458.8,27847871.76,402981003.9383603,163729442.37836027,0.2351769554089045,111534.25088112784,0.3283773237255097,MO_PHONG,HCM_SIM_v1
2024-12-01,2024,4,SIM014,TP.HCM,4294,1699,884,101614,109743,105679,0.4136370989587158,0.22,0.04,88824360,64900555,24834688,13644253,436330516,186453357,93420236,716204109,6877,296248589.90907186,41019738.54,28648164.36,419955519.09092814,158083760.19092813,0.22072445299378773,104144.84644467063,0.39077350923157017,MO_PHONG,HCM_SIM_v1
2024-12-01,2024,4,SIM015,TP.HCM,2745,992,480,126871,137021,131946,0.42679847659543163,0.22,0.04,77625612,48613190,22511988,14045624,348260895,135924832,63334080,547519807,4217,233680619.53342474,29903463.04,21900792.28,313839187.46657526,99238518.14657527,0.1812510102425852,129836.33080388902,0.363930052305852,MO_PHONG,HCM_SIM_v1
2024-12-01,2024,4,SIM016,TP.HCM,3858,1702,880,113829,122935,118382,0.40468152699060744,0.22,0.04,86804046,64004689,28317420,10400125,439152282,209235370,104176160,752563812,6440,304548672.5980324,46031781.4,30102552.48,448015139.4019676,182354525.5219676,0.2423110474012104,116857.73478260869,0.4164584119014216,MO_PHONG,HCM_SIM_v1
2025-01-01,2025,1,SIM001,TP.HCM,3609,1193,569,116011,125292,120651,0.4438746646791697,0.22,0.04,94148584,48450961,27685474,9714103,418683699,149473356,68650419,636807474,5371,282662703.9869391,32884138.32,25472298.96,354144770.0130609,115789210.73306093,0.18182765664754263,118564.04282256564,0.34252703353164476,MO_PHONG,HCM_SIM_v1
2025-01-01,2025,1,SIM002,TP.HCM,3043,1563,618,125234,135253,130243,0.4235181445162744,0.22,0.04,101576523,88536026,24099641,11659160,381087062,211400439,80490174,672977675,5224,285018256.2168763,46508096.58,26919107,387959418.7831237,88660865.20312367,0.13174414025416767,128824.21037519143,0.43373000894866237,MO_PHONG,HCM_SIM_v1
2025-01-01,2025,1,SIM003,TP.HCM,2111,1172,507,122758,132579,127668,0.40343963032588365,0.22,0.04,74485290,78165937,34782985,13855991,259142138,155382588,64727676,479252402,3790,193349411.89567178,34184169.36,19170096.080000002,285902990.1043282,31258521.664328218,0.0652235054720252,126451.82110817941,0.4592783741540851,MO_PHONG,HCM_SIM_v1
2025-01-01,2025,1,SIM004,TP.HCM,1776,909,431,107125,115695,111410,0.41721240908838814,0.22,0.04,76200579,70870997,26564464,11871448,190254000,105166755,48017710,343438465,3116,143286789.35626808,23136686.1,13737538.6,200151675.64373192,-22230037.05626808,-0.06472786050994049,110217.73587933248,0.4460317658361302,MO_PHONG,HCM_SIM_v1
2025-01-01,2025,1,SIM005,TP.HCM,3690,2195,1016,128233,138492,133362,0.43638661090284586,0.22,0.04,76267768,60195796,36645960,11020902,473179770,303989940,135495792,912665502,6901,398275005.3057245,66877786.8,36506620.08,514390496.6942755,226875663.8142755,0.24858577794066275,132251.19576872917,0.4815408613965558,MO_PHONG,HCM_SIM_v1
2025-01-01,2025,1,SIM006,TP.HCM,2950,1213,715,118375,127845,123110,0.449372444441542,0.22,0.04,106536261,46686017,26262960,10232776,349206250,155075985,88023650,592305885,4878,266165943.39956087,34116716.7,23692235.400000002,326139941.60043913,78612975.50043912,0.1327236103697317,121423.92066420664,0.41042920753691314,MO_PHONG,HCM_SIM_v1
2025-01-01,2025,1,SIM007,TP.HCM,2811,1687,775,125098,135106,130102,0.4124390062876046,0.22,0.04,97502180,51121118,37461303,12563030,351650478,227923822,100829050,680403350,5273,280624881.54875726,50143240.84,27216134,399778468.45124274,123771462.61124274,0.1819089553442715,129035.3404134269,0.4831735058329739,MO_PHONG,HCM_SIM_v1
2025-01-01,2025,1,SIM008,TP.HCM,3607,1532,800,130165,140578,135372,0.402660321565345,0.22,0.04,65793664,60061242,29874012,11280277,469505155,215365496,108297600,793168251,5939,319377383.0030823,47380409.12,31726730.04,473790867.9969177,227674533.83691773,0.2870444367255917,133552.49217039905,0.408063605158094,MO_PHONG,HCM_SIM_v1
2025-01-01,2025,1,SIM009,TP.HCM,4254,2300,863,122115,131884,127000,0.45637226790189744,0.22,0.04,77803717,93247032,36479278,10670640,519477210,303333200,109601000,932411410,7417,425526709.7993059,66733304,37296456.4,506884700.2006941,184654272.80069408,0.19803948216452444,125712.74234865849,0.44286695290440514,MO_PHONG,HCM_SIM_v1
2025-01-01,2025,1,SIM010,TP.HCM,3567,1325,744,118615,128104,123360,0.45215172762982553,0.22,0.04,67118420,62431492,26424494,9335984,423099705,169737800,91779840,684617345,5636,309550915.3070943,37342316,27384693.8,375066429.6929057,145029029.8929057,0.21183954942436597,121472.20457771469,0.3819909646022772,MO_PHONG,HCM_SIM_v1
2025-01-01,2025,1,SIM011,TP.HCM,3980,1942,1022,102450,110646,106548,0.4570171183161438,0.22,0.04,68503612,59122905,29644212,13290946,407751000,214874532,108892056,731517588,6944,334316060.0653361,47272397.04,29260703.52,397201527.9346639,150106752.3746639,0.2051991023005504,105345.27476958526,0.44259576708906145,MO_PHONG,HCM_SIM_v1
2025-01-01,2025,1,SIM012,TP.HCM,3439,1441,613,101145,109237,105191,0.4133748301211745,0.22,0.04,110710497,44643187,24131101,8551095,347837655,157410517,64482083,569730255,5493,235512147.3755184,34630313.74,22789210.2,334218107.62448156,88762703.68448156,0.15579777079678095,103719.32550518842,0.38946957450943165,MO_PHONG,HCM_SIM_v1
2025-01-01,2025,1,SIM013,TP.HCM,3662,1347,575,109866,118655,114261,0.40986018296331167,0.22,0.04,72376085,60503049,35867418,13342931,402329292,159828285,65700075,627857652,5584,257333852.12363526,35162222.7,25114306.080000002,370523799.8763647,128157788.0963647,0.20411917842862368,112438.69126074499,0.3592030124688199,MO_PHONG,HCM_SIM_v1
2025-01-01,2025,1,SIM014,TP.HCM,4207,1890,981,109601,118369,113985,0.419178486680612,0.22,0.04,92377334,67496577,25828076,13644253,461091407,223717410,111819285,796628102,7078,333929362.2436082,49217830.2,31865124.080000002,462698739.7563918,182269545.47639182,0.2288013001534709,112549.88725628708,0.4211961568486069,MO_PHONG,HCM_SIM_v1
2025-01-01,2025,1,SIM015,TP.HCM,2487,1022,496,130086,140493,135289,0.42782699489966036,0.22,0.04,80730637,50557718,23412467,14045624,323523882,143583846,67103344,534211072,4005,228549917.5758861,31588446.12,21368442.88,305661154.42411387,83957819.42411387,0.15716226005909864,133386.0354556804,0.3943894109330628,MO_PHONG,HCM_SIM_v1
2025-01-01,2025,1,SIM016,TP.HCM,4091,2043,1054,114004,123124,118564,0.42040538658387966,0.22,0.04,90276208,66564876,29450116,10400125,466390364,251542332,124966456,842899152,7188,354359343.84778434,55339313.04,33715966.08,488539808.15221566,202793204.03221565,0.2405901151413374,117264.76794657763,0.4466830784046156,MO_PHONG,HCM_SIM_v1
2025-01-01,2025,1,SIM017,TP.HCM,1481,605,365,123561,133446,128503,0.4308479585498572,0.22,0.04,74592250,156037205,46541356,13610269,182993841,80734830,46903595,310632266,2451,133835277.66581622,17761662.6,12425290.64,176796988.33418378,-144171044.90581623,-0.4641212800019179,126736.95063239495,0.4108987989032665,MO_PHONG,HCM_SIM_v1
2025-01-01,2025,1,SIM018,TP.HCM,1490,573,263,113186,122241,117713,0.4430800847988576,0.22,0.04,105160887,167490617,55486755,9059993,168647140,70044093,30958519,269649752,2326,119476434.98215091,15409700.46,10785990.08,150173317.0178491,-213220625.5221509,-0.7907317694182449,115928.52622527945,0.37456964544139465,MO_PHONG,HCM_SIM_v1
2025-01-01,2025,1,SIM019,TP.HCM,1532,687,323,117248,126628,121938,0.4005109833739698,0.22,0.04,66833482,166869454,46765388,13114103,179623936,86993436,39385974,306003346,2542,122557701.02218512,19138555.92,12240133.84,183445644.97781488,-141515471.7821851,-0.46246380515782043,120378.9716758458,0.4130000918355971,MO_PHONG,HCM_SIM_v1
2025-01-01,2025,1,SIM020,TP.HCM,1092,410,286,103239,111498,107369,0.43224376455880703,0.22,0.04,90046780,144686625,46609440,14481194,112736988,45714180,30707534,189158702,1788,81762669.45153753,10057119.6,7566348.08,107396032.54846247,-206051474.13153756,-1.0893047581365702,105793.45749440716,0.4040084500051179,MO_PHONG,HCM_SIM_v1
2025-02-01,2025,1,SIM001,TP.HCM,3363,1111,530,117830,127256,122543,0.4396267386339605,0.22,0.04,94148584,48450961,27685474,9714103,396262290,141381416,64947790,602591496,5004,264915334.11503926,31103911.52,24103659.84,337676161.8849608,102469468.52496077,0.17004798309493696,120421.96163069544,0.3424031161568201,MO_PHONG,HCM_SIM_v1
2025-02-01,2025,1,SIM002,TP.HCM,2691,1383,547,126660,136793,131726,0.4317641735915095,0.22,0.04,101576523,88536026,24099641,11659160,340842060,189184719,72054122,602080901,4621,259956962.65549645,41620638.18,24083236.04,342123938.3445035,50548714.12450352,0.08395668097185419,130292.33953689678,0.433893253491527,MO_PHONG,HCM_SIM_v1
2025-02-01,2025,1,SIM003,TP.HCM,1880,1045,452,120678,130332,125505,0.41458254162222147,0.22,0.04,74485290,78165937,34782985,13855991,226874640,136196940,56728260,419799840,3377,174041684.63980192,29963326.8,16791993.6,245758155.36019808,-2287368.0398019254,-0.005448711080504284,124311.47172046195,0.4595647297054711,MO_PHONG,HCM_SIM_v1
2025-02-01,2025,1,SIM004,TP.HCM,1466,750,356,109233,117972,113602,0.4126059370394796,0.22,0.04,76200579,70870997,26564464,11871448,160135578,88479000,40442312,289056890,2572,119266588.95616779,19465380,11562275.6,169790301.0438322,-46744842.55616779,-0.16171502625717654,112386.03810264386,0.4460067082296499,MO_PHONG,HCM_SIM_v1
2025-02-01,2025,1,SIM005,TP.HCM,2980,1774,821,129333,139680,134506,0.44710593001917004,0.22,0.04,76267768,60195796,36645960,11020902,385412340,247792320,110429426,743634086,5575,332483209.61498547,54514310.4,29745363.44,411150876.38501453,142760776.54501453,0.19197718237059744,133387.28,0.48171775977466424,MO_PHONG,HCM_SIM_v1
2025-02-01,2025,1,SIM006,TP.HCM,2451,1008,594,120549,130193,125371,0.4355457723606378,0.22,0.04,106536261,46686017,26262960,10232776,295465599,131234544,74470374,501170517,4053,218282699.91114515,28871599.68,20046820.68,282887817.08885485,44251382.72885485,0.08829606137596248,123654.21095484825,0.4104489610269712,MO_PHONG,HCM_SIM_v1
2025-02-01,2025,1,SIM007,TP.HCM,2432,1460,671,131370,141880,136625,0.4159977668523789,0.22,0.04,97502180,51121118,37461303,12563030,319491840,207144800,91675375,618312015,4563,257216417.45799458,45571856,24732480.6,361095597.5420054,92143629.94200543,0.14902448554554681,135505.59171597633,0.48328379159832435,MO_PHONG,HCM_SIM_v1
2025-02-01,2025,1,SIM008,TP.HCM,3356,1425,744,131466,141983,136725,0.3997184239607305,0.22,0.04,65793664,60061242,29874012,11280277,441199896,202325775,101723400,745249071,5525,297889784.11831856,44511670.5,29809962.84,447359286.88168144,206028458.54168144,0.27645584081738683,134886.7096832579,0.40798329958602525,MO_PHONG,HCM_SIM_v1
2025-02-01,2025,1,SIM009,TP.HCM,3655,1976,741,121383,131094,126238,0.4486307878606021,0.22,0.04,77803717,93247032,36479278,10670640,443654865,259041744,93542358,796238967,6372,357217315.090522,56989183.68,31849558.68,439021651.909478,131982242.54947801,0.16575707547540564,124959.03436911487,0.44281191528271435,MO_PHONG,HCM_SIM_v1
2025-02-01,2025,1,SIM010,TP.HCM,3556,1321,741,120045,129649,124847,0.45686779380775994,0.22,0.04,67118420,62431492,26424494,9335984,426880020,171266329,92511627,690657976,5618,315539385.7708528,37678592.38,27626319.04,375118590.2291472,144503288.80914718,0.2092255411948608,122936.62798148807,0.38192269569909376,MO_PHONG,HCM_SIM_v1
2025-02-01,2025,1,SIM011,TP.HCM,3155,1539,810,105446,113882,109664,0.46115460332483055,0.22,0.04,68503612,59122905,29644212,13290946,332682130,175264398,88827840,596774368,5504,275205246.94946647,38558167.56,23870974.72,321569121.05053353,88578303.77053353,0.1484284656316431,108425.57558139534,0.4425328099882467,MO_PHONG,HCM_SIM_v1
2025-02-01,2025,1,SIM012,TP.HCM,3228,1352,575,99395,107347,103371,0.405013857325539,0.22,0.04,110710497,44643187,24131101,8551095,320847060,145133144,59438325,525418529,5155,212801785.1406006,31929291.68,21016741.16,312616743.85939944,71634831.01939943,0.1363386083009635,101924.05994180408,0.3893495522309606,MO_PHONG,HCM_SIM_v1
2025-02-01,2025,1,SIM013,TP.HCM,3616,1330,568,108026,116668,112347,0.4074885416962206,0.22,0.04,72376085,60503049,35867418,13342931,390622016,155168440,63813096,609603552,5514,248406462.4173162,34137056.8,24384142.080000002,361197089.5826838,120586407.7026838,0.19781119599297184,110555.59521218717,0.3592195866995211,MO_PHONG,HCM_SIM_v1
2025-02-01,2025,1,SIM014,TP.HCM,3130,1406,730,106777,115319,111048,0.4218229484278709,0.22,0.04,92377334,67496577,25828076,13644253,334212010,162138514,81065040,577415564,5266,243567135.67462197,35670473.08,23096622.56,333848428.32537806,75735092.68537806,0.13116219479906166,109649.74629699963,0.4211932777066605,MO_PHONG,HCM_SIM_v1
2025-02-01,2025,1,SIM015,TP.HCM,2022,831,403,131157,141650,136403,0.4342263584583998,0.22,0.04,80730637,50557718,23412467,14045624,265199454,117711150,54970409,437881013,3256,190139477.7130652,25896453,17515240.52,247741535.2869348,35583395.7669348,0.08126270541658494,134484.3406019656,0.39435726572597474,MO_PHONG,HCM_SIM_v1
2025-02-01,2025,1,SIM016,TP.HCM,3605,1801,929,118820,128326,123573,0.4109773121308536,0.22,0.04,90276208,66564876,29450116,10400125,428346100,231115126,114799317,774260543,6335,318203516.85111517,50845327.72,30970421.72,456057026.14888483,177549951.70888484,0.22931551053982205,122219.50165745856,0.4467674946468246,MO_PHONG,HCM_SIM_v1
2025-02-01,2025,1,SIM017,TP.HCM,1527,624,377,122335,132122,127228,0.4417799586616457,0.22,0.04,74592250,156037205,26541356,13610269,186805545,82444128,47964956,317214629,2528,140139065.68648928,18137708.16,12688585.16,177075563.31351072,-124531810.00648928,-0.39257902575006803,125480.47033227848,0.4111067778024827,MO_PHONG,HCM_SIM_v1
2025-02-01,2025,1,SIM018,TP.HCM,1753,674,309,112721,121739,117230,0.44351169818080965,0.22,0.04,105160887,167490617,35486755,9059993,197599913,82052086,36224070,315876069,2736,140094731.7768686,18051458.92,12635042.76,175781337.2231314,-172103416.45686862,-0.5448447456045448,115451.77960526316,0.37443848270759633,MO_PHONG,HCM_SIM_v1
2025-02-01,2025,1,SIM019,TP.HCM,1534,687,323,116493,125812,121153,0.39747990656644105,0.22,0.04,66833482,166869454,26765388,13114103,178700262,86432844,39132419,304265525,2544,120939432.44838913,19015225.68,12170621,183326092.5516109,-121442181.12838912,-0.3991322419074232,119601.22838050315,0.41268317532852267,MO_PHONG,HCM_SIM_v1
2025-02-01,2025,1,SIM020,TP.HCM,1155,434,303,103944,112260,108102,0.43694414413534105,0.22,0.04,90046780,144686625,26609440,14481194,120055320,48720840,32754906,201531066,1892,88057819.15005293,10718584.8,8061242.640000001,113473246.84994707,-181130619.59005293,-0.8987726963646038,106517.47674418605,0.4042838040662178,MO_PHONG,HCM_SIM_v1
2025-03-01,2025,1,SIM001,TP.HCM,3486,1152,550,112683,121698,117190,0.43206023607403043,0.22,0.04,94148584,48450961,27685474,9714103,392812938,140196096,64454500,597463534,5188,258140235.54566452,30843141.12,23898541.36,339323298.45433545,104582493.97433545,0.17504414583122566,115162.5932922128,0.34253236282032234,MO_PHONG,HCM_SIM_v1
2025-03-01,2025,1,SIM002,TP.HCM,3026,1554,615,130446,140882,135664,0.4301622055377812,0.22,0.04,101576523,88536026,24099641,11659160,394729596,218930628,83433360,697093584,5195,299863313.5596765,48164738.160000004,27883743.36,397230270.4403235,95310438.92032346,0.13672545710924727,134185.48296438882,0.4337494920911508,MO_PHONG,HCM_SIM_v1
2025-03-01,2025,1,SIM003,TP.HCM,2050,1139,492,119913,129506,124710,0.40369263680651785,0.22,0.04,74485290,78165937,34782985,13855991,245821650,147507334,61357320,454686304,3681,183553512.98156998,32451613.48,18187452.16,271132791.01843,19203522.378429994,0.04223466202850481,123522.4949741918,0.4593598974997936,MO_PHONG,HCM_SIM_v1
2025-03-01,2025,1,SIM004,TP.HCM,1550,793,376,107133,115704,111418,0.4036201487202198,0.22,0.04,76200579,70870997,26564464,11871448,166056150,91753272,41893168,299702590,2719,120966003.94763505,20185719.84,11988103.6,178736586.05236495,-38944725.38763505,-0.12994457401130585,110225.29974255241,0.44593021368283803,MO_PHONG,HCM_SIM_v1
2025-03-01,2025,1,SIM005,TP.HCM,3467,2063,955,127486,137685,132585,0.4396676290035248,0.22,0.04,76267768,60195796,36645960,11020902,441993962,284044155,126618675,852656792,6485,374885590.0923916,62489714.1,34106271.68,477771201.9076084,197044790.1276084,0.23109508066594794,131481.3865844256,0.48162734860382134,MO_PHONG,HCM_SIM_v1
2025-03-01,2025,1,SIM006,TP.HCM,2611,1073,632,123340,133207,128274,0.44883944402448833,0.22,0.04,106536261,46686017,26262960,10232776,322040740,142931111,81069168,546041019,4316,245084747.38252506,31444844.42,21841640.76,300956271.6174749,57951772.43747491,0.1061308041355679,126515.5280352178,0.4102261024459776,MO_PHONG,HCM_SIM_v1
2025-03-01,2025,1,SIM007,TP.HCM,2277,1366,628,126930,137084,132007,0.3994466382078827,0.22,0.04,97502180,51121118,37461303,12563030,289019610,187256744,82900396,559176750,4271,223361272.95150965,41196483.68,22367070,335815477.04849035,73604292.36849034,0.13162974384841705,130924.08101147272,0.4831337139822069,MO_PHONG,HCM_SIM_v1
2025-03-01,2025,1,SIM008,TP.HCM,3247,1379,720,130138,140549,135344,0.41004368969239297,0.22,0.04,65793664,60061242,29874012,11280277,422558086,193817071,97447680,713822837,5346,292698549.8701716,42639755.62,28552913.48,421124287.1298284,182922423.0298284,0.25625745429860547,133524.66086793866,0.4080350696317103,MO_PHONG,HCM_SIM_v1
2025-03-01,2025,1,SIM009,TP.HCM,3919,2119,795,123291,133154,128223,0.46423244204372166,0.22,0.04,77803717,93247032,36479278,10670640,483177429,282153326,101937285,867268040,6833,402613960.11567205,62073731.72,34690721.6,464654079.88432795,149688959.56432796,0.17259826565767136,126923.46553490414,0.44287416725283685,MO_PHONG,HCM_SIM_v1
2025-03-01,2025,1,SIM010,TP.HCM,3135,1165,654,119208,128745,123976,0.45518525517545644,0.22,0.04,67118420,62431492,26424494,9335984,373717080,149987925,81080304,604785309,4954,275289355.2035323,32997343.5,24191412.36,329495953.7964677,106996807.93646772,0.1769170089686615,122080.19963665724,0.382066537598386,MO_PHONG,HCM_SIM_v1
2025-03-01,2025,1,SIM011,TP.HCM,3724,1817,956,105867,114336,110102,0.4420380636490882,0.22,0.04,68503612,59122905,29644212,13290946,394248708,207748512,105257512,707254732,6497,312633512.2399348,45704672.64,28290189.28,394621219.7600652,150064682.84006518,0.21217911461080924,108858.66276743112,0.4425647646285384,MO_PHONG,HCM_SIM_v1
2025-03-01,2025,1,SIM012,TP.HCM,2806,1176,500,104868,113257,109063,0.4058945456612855,0.22,0.04,110710497,44643187,24131101,8551095,294259608,133190232,54531500,481981340,4482,195633597.01651758,29301851.04,19279253.6,286347742.9834824,49730758.34348242,0.10317984165835636,107537.11289602856,0.3894792524540473,MO_PHONG,HCM_SIM_v1
2025-03-01,2025,1,SIM013,TP.HCM,3330,1225,523,113089,122136,117613,0.4055620615929365,0.22,0.04,72376085,60503049,35867418,13342931,376586370,149616600,61511599,587714569,5078,238354732.23184413,32915652,23508582.76,349359836.7681559,110846119.00815587,0.18860536194765637,115737.41020086648,0.3592359457061545,MO_PHONG,HCM_SIM_v1
2025-03-01,2025,1,SIM014,TP.HCM,3472,1559,809,105000,113400,109200,0.4333972841780633,0.22,0.04,92377334,67496577,25828076,13644253,364560000,176790600,88342800,629693400,5840,272907409.4248509,38893932,25187736,356785990.5751491,93358082.57514912,0.1482595856573201,107824.21232876713,0.4210515784348383,MO_PHONG,HCM_SIM_v1
2025-03-01,2025,1,SIM015,TP.HCM,2361,971,471,132620,143230,137925,0.42690830221399667,0.22,0.04,80730637,50557718,23412467,14045624,313115820,139076330,64962675,517154825,3803,220777688.32252657,30596792.6,20686193,296377136.6774734,76347705.07747343,0.14763026735267032,135986.01761767027,0.3945414315722569,MO_PHONG,HCM_SIM_v1
2025-03-01,2025,1,SIM016,TP.HCM,3496,1746,901,114515,123676,119096,0.42389102221466607,0.22,0.04,90276208,66564876,29450116,10400125,400344440,215938296,107305496,723588232,6143,306722555.32498294,47506425.12,28943529.28,416865676.67501706,143724397.27501705,0.19862732824960738,117790.69379781866,0.4467233955789375,MO_PHONG,HCM_SIM_v1
2025-03-01,2025,1,SIM017,TP.HCM,2144,875,529,117915,127348,122632,0.42857892531901604,0.22,0.04,74592250,156037205,26541356,13610269,252809760,111429500,64872328,429111588,3548,183908183.22697636,24514490,17164463.52,245203404.77302364,-67256628.74697636,-0.1567345898544608,120944.64148816235,0.41085310425128857,MO_PHONG,HCM_SIM_v1
2025-03-01,2025,1,SIM018,TP.HCM,1948,749,343,111056,119940,115498,0.44148146479390565,0.22,0.04,105160887,167490617,35486755,9059993,216337088,89835060,39615814,345787962,3040,152658975.9718594,19763713.2,13831518.48,193128986.0281406,-157664497.6518594,-0.45595716155052096,113746.04013157895,0.3743648947501533,MO_PHONG,HCM_SIM_v1
2025-03-01,2025,1,SIM019,TP.HCM,1995,894,420,115917,125190,120554,0.4102473391778767,0.22,0.04,66833482,166869454,26765388,13114103,231254415,111919860,50632680,393806955,3309,161558255.43849182,24622369.2,15752278.200000001,232248699.56150818,-81708374.83849183,-0.20748332095478564,119010.86582048958,0.41277214111162663,MO_PHONG,HCM_SIM_v1
2025-03-01,2025,1,SIM020,TP.HCM,1583,595,415,102710,110927,106818,0.42607607093639677,0.22,0.04,90046780,144686625,26609440,14481194,162589930,66001565,44329470,272920965,2593,116285092.44336987,14520344.3,10916838.6,156635872.55663013,-144625349.34336987,-0.5299165981747495,105252.97531816429,0.40426002084522894,MO_PHONG,HCM_SIM_v1
2025-04-01,2025,2,SIM001,TP.HCM,3647,1206,575,116108,125397,120752,0.43371532099321486,0.22,0.04,94148584,48450961,27685474,9714103,423445876,151228782,69432400,644107058,5428,279359099.41446525,33270332.04,25764282.32,364747958.58553475,125714222.22553475,0.19517597372071455,118663.79108327192,0.34258463598453537,MO_PHONG,HCM_SIM_v1
2025-04-01,2025,2,SIM002,TP.HCM,2850,1464,579,131875,142425,137150,0.43970399965532125,0.22,0.04,101576523,88536026,24099641,11659160,375843750,208510200,79409850,663763800,4893,291859597.6864147,45872244,26550552,371904202.3135853,73610056.31358528,0.11089796749022059,135655.7939914163,0.4337688346366584,MO_PHONG,HCM_SIM_v1
2025-04-01,2025,2,SIM003,TP.HCM,2021,1123,486,119746,129326,124536,0.4008833602070808,0.22,0.04,74485290,78165937,34782985,13855991,242006666,145233098,60524496,447764260,3630,179501241.129437,31951281.56,17910570.400000002,268263018.870563,17110963.910563,0.03821422440139148,123351.03581267217,0.4595221467653537,MO_PHONG,HCM_SIM_v1
2025-04-01,2025,2,SIM004,TP.HCM,1770,906,430,108385,117056,112720,0.39976322951726617,0.22,0.04,76200579,70870997,26564464,11871448,191841450,106052736,48469600,346363786,3106,138463505.67918727,23331601.92,13854551.44,207900280.32081273,-14793361.039187267,-0.042710472737433544,111514.41918866709,0.44612728652873657,MO_PHONG,HCM_SIM_v1
2025-04-01,2025,2,SIM005,TP.HCM,3666,2181,1010,129009,139330,134169,0.4476834203116596,0.22,0.04,76267768,60195796,36645960,11020902,472946994,303878730,135510690,912336414,6857,408437886.29439425,66853320.6,36493456.56,503898527.70560575,216421324.54560575,0.2372165806653923,133051.83228817268,0.48160899122020573,MO_PHONG,HCM_SIM_v1
2025-04-01,2025,2,SIM006,TP.HCM,2855,1174,692,121604,131332,126468,0.4380700020585209,0.22,0.04,106536261,46686017,26262960,10232776,347179420,154183768,87515856,588879044,4721,257970244.01729983,33920428.96,23555161.76,330908799.98270017,83715195.26270017,0.14216025534557852,124736.08218597755,0.4104401854041863,MO_PHONG,HCM_SIM_v1
2025-04-01,2025,2,SIM007,TP.HCM,2240,1344,618,130892,141363,136128,0.41523709263652564,0.22,0.04,97502180,51121118,37461303,12563030,293198080,189991872,84127104,567317056,4202,235571084.936553,41798211.84,22692682.240000002,331745971.063447,68607445.98344699,0.12093316296037288,135011.19847691574,0.48318479605168085,MO_PHONG,HCM_SIM_v1
2025-04-01,2025,2,SIM008,TP.HCM,3603,1530,799,127670,137884,132777,0.401862031808123,0.22,0.04,65793664,60061242,29874012,11280277,459995010,210962520,106088823,777046353,5932,312265426.225672,46411754.4,31081854.12,464780926.774328,220278123.254328,0.28348131666004744,130992.30495616993,0.4080211454257993,MO_PHONG,HCM_SIM_v1
2025-04-01,2025,2,SIM009,TP.HCM,3553,1922,721,127610,137819,132714,0.4681131769157946,0.22,0.04,77803717,93247032,36479278,10670640,453398330,264888118,95686794,813973242,6196,381031600.2370689,58275385.96,32558929.68,432941641.7629311,123906659.12293111,0.1522244869112431,131370.7621045836,0.44298128414398175,MO_PHONG,HCM_SIM_v1
2025-04-01,2025,2,SIM010,TP.HCM,3275,1216,682,118960,128477,123718,0.45827058416791266,0.22,0.04,67118420,62431492,26424494,9335984,389594000,156228032,84375676,630197708,5173,288801071.78643966,34370167.04,25207908.32,341396636.21356034,116508170.85356034,0.18487558646208269,121824.41677943166,0.3817908331713577,MO_PHONG,HCM_SIM_v1
2025-04-01,2025,2,SIM011,TP.HCM,3415,1667,877,101363,109472,105418,0.44307882569730284,0.22,0.04,68503612,59122905,29644212,13290946,346154645,182489824,92451586,621096055,5959,275194510.6946274,40147761.28,24843842.2,345901544.3053726,110348265.82537259,0.17766698876451983,104228.23544218829,0.4426713191730062,MO_PHONG,HCM_SIM_v1
2025-04-01,2025,2,SIM012,TP.HCM,3388,1419,603,100006,108006,104006,0.3994876354467124,0.22,0.04,110710497,44643187,24131101,8551095,338820328,153260514,62715618,554796460,5410,221634325.95960656,33717313.08,22191858.400000002,333162134.0403935,89217082.56039347,0.1608104755397925,102550.1774491682,0.38928895112272344,MO_PHONG,HCM_SIM_v1
2025-04-01,2025,2,SIM013,TP.HCM,4138,1522,650,112336,121323,116829,0.41225376492366195,0.22,0.04,72376085,60503049,35867418,13342931,464846368,184653606,75938850,725438824,6310,299064886.4157938,40623793.32,29017552.96,426373937.5842062,174643108.30420622,0.24074133135202344,114966.53312202853,0.3592204433767664,MO_PHONG,HCM_SIM_v1
2025-04-01,2025,2,SIM014,TP.HCM,3895,1750,908,109018,117739,113379,0.41930632391013206,0.22,0.04,92377334,67496577,25828076,13644253,424625110,206043250,102948132,733616492,6553,307610034.4203668,45329515,29344659.68,426006457.5796332,151986042.89963317,0.20717369982412168,111951.24248435831,0.42118925265382395,MO_PHONG,HCM_SIM_v1
2025-04-01,2025,2,SIM015,TP.HCM,2562,1053,511,126903,137055,131979,0.4259947391226888,0.22,0.04,80730637,50557718,23412467,14045624,325125486,144318915,67441269,536885670,4126,228710470.93036,31750161.3,21475426.8,308175199.06964004,86203164.96964005,0.160561493417472,130122.55695588948,0.3944232372601787,MO_PHONG,HCM_SIM_v1
2025-04-01,2025,2,SIM016,TP.HCM,3327,1662,857,113122,122172,117647,0.4165962152834982,0.22,0.04,90276208,66564876,29450116,10400125,376356894,203049864,100823479,680230237,5846,283381342.255597,44670970.08,27209209.48,396848894.744403,128277390.184403,0.18857937093496624,116358.23417721518,0.4467213106258903,MO_PHONG,HCM_SIM_v1
2025-04-01,2025,2,SIM017,TP.HCM,2330,952,575,123639,133530,128585,0.4334154546447099,0.22,0.04,74592250,156037205,26541356,13610269,288078870,127120560,73936375,489135805,3857,211999017.30708116,27966523.2,19565432.2,277136787.69291884,-41176247.70708116,-0.08418162662837811,126817.68343271973,0.4110452208666262,MO_PHONG,HCM_SIM_v1
2025-04-01,2025,2,SIM018,TP.HCM,2398,923,423,111936,120891,116413,0.44682178114540877,0.22,0.04,105160887,167490617,35486755,9059993,268422528,111582393,49242699,429247620,3744,191797186.1208276,24548126.46,17169904.8,237450433.8791724,-121465849.38082759,-0.2829738447491627,114649.47115384616,0.3746674052613268,MO_PHONG,HCM_SIM_v1
2025-04-01,2025,2,SIM019,TP.HCM,2604,1166,548,117934,127369,122651,0.39821291938424114,0.22,0.04,66833482,166869454,26765388,13114103,307100136,148512254,67212748,522825138,4318,208195724.53044873,32672695.88,20913005.52,314629413.46955127,-12538714.930448733,-0.023982616785439902,121080.39323761,0.412614058354631,MO_PHONG,HCM_SIM_v1
2025-04-01,2025,2,SIM020,TP.HCM,2011,756,527,106188,114683,110436,0.42544686364941303,0.22,0.04,90046780,144686625,26609440,14481194,213544068,86700348,58199772,358444188,3294,152498955.57796058,19074076.56,14337767.52,205945232.42203942,-103290650.65796058,-0.2881638316812674,108817.30054644808,0.40424736918875637,MO_PHONG,HCM_SIM_v1
2025-05-01,2025,2,SIM001,TP.HCM,3321,1098,524,117079,126445,121762,0.43255581766366963,0.22,0.04,94148584,48450961,27685474,9714103,388819359,138836610,63803288,591459257,4943,255839142.52638152,30544054.2,23658370.28,335620114.4736185,101418567.9936185,0.17147177391057133,119655.92899049161,0.34261007094187723,MO_PHONG,HCM_SIM_v1
2025-05-01,2025,2,SIM002,TP.HCM,2836,1456,576,128015,138256,133136,0.42907700921408837,0.22,0.04,101576523,88536026,24099641,11659160,363050540,201300736,76686336,641037612,4868,275054501.3507012,44286161.92,25641504.48,365983110.6492988,70184094.24929878,0.10948514242452716,131683.9794576828,0.4336517339952901,MO_PHONG,HCM_SIM_v1
2025-05-01,2025,2,SIM003,TP.HCM,2259,1255,543,122926,132760,127843,0.4089031201414764,0.22,0.04,74485290,78165937,34782985,13855991,277689834,166613800,69418749,513722383,4057,210062685.29521456,36655036,20548895.32,303659697.70478547,45165563.384785466,0.08791823147948269,126626.17278777422,0.4594554506689657,MO_PHONG,HCM_SIM_v1
2025-05-01,2025,2,SIM004,TP.HCM,1641,841,399,105753,114213,109983,0.4036608117166907,0.22,0.04,76200579,70870997,26564464,11871448,173540673,96053133,43883217,313477023,2881,126538389.55871172,21131689.26,12539080.92,186938633.4412883,-32239624.738711707,-0.10284525618552817,108808.40784449843,0.4464006601211088,MO_PHONG,HCM_SIM_v1
2025-05-01,2025,2,SIM005,TP.HCM,3846,2289,1059,131996,142556,137276,0.44492866691201927,0.22,0.04,76267768,60195796,36645960,11020902,507656616,326310684,145375284,979342584,7194,435737590.3492923,71788350.48,39173703.36,543604993.6507077,248512513.81070772,0.25375442451985497,136133.24770642203,0.48163530893700013,MO_PHONG,HCM_SIM_v1
2025-05-01,2025,2,SIM006,TP.HCM,3026,1244,733,118224,127682,122953,0.44038322797976437,0.22,0.04,106536261,46686017,26262960,10232776,357745824,158836408,90124549,606706781,5003,267183490.65399197,34944009.76,24268271.240000002,339523290.34600806,90592995.34600806,0.14931923984216697,121268.59504297422,0.41034807059458267,MO_PHONG,HCM_SIM_v1
2025-05-01,2025,2,SIM007,TP.HCM,2343,1407,647,130791,141254,136023,0.4047287597693503,0.22,0.04,97502180,51121118,37461303,12563030,306443313,198744378,88006881,593194572,4397,240082903.42747056,43723763.160000004,23727782.88,353111668.57252944,87012491.53252943,0.14668457136949228,134908.9315442347,0.4834016906682012,MO_PHONG,HCM_SIM_v1
2025-05-01,2025,2,SIM008,TP.HCM,3574,1517,793,129552,139916,134734,0.4005976208020002,0.22,0.04,65793664,60061242,29874012,11280277,463018848,212252572,106844062,782115482,5884,313313601.2816096,46695565.84,31284619.28,468801880.7183904,223812500.5983904,0.2861629845583218,132922.41366417403,0.40799171138259094,MO_PHONG,HCM_SIM_v1
2025-05-01,2025,2,SIM009,TP.HCM,3482,1883,706,126623,136753,131688,0.46028836093842984,0.22,0.04,77803717,93247032,36479278,10670640,440901286,257505899,92971728,791378913,6071,364262502.74600625,56651297.78,31655156.52,427116410.25399375,120609288.95399375,0.15240397105955455,130353.96359743041,0.44286955495363317,MO_PHONG,HCM_SIM_v1
2025-05-01,2025,2,SIM010,TP.HCM,4009,1490,836,114730,123908,119319,0.4524444432836026,0.22,0.04,67118420,62431492,26424494,9335984,459952570,184622920,99750684,744326174,6335,336766241.41684395,40617042.4,29773046.96,407559932.58315605,171859453.22315603,0.23089266403139552,117494.26582478295,0.3820550908102286,MO_PHONG,HCM_SIM_v1
2025-05-01,2025,2,SIM011,TP.HCM,3589,1751,922,105814,114279,110047,0.4453890978358686,0.22,0.04,68503612,59122905,29644212,13290946,379766446,200102529,101463334,681332309,6262,303457982.43193924,44022556.38,27253292.36,377874326.56806076,136036802.82806075,0.19966292663813884,108804.26525071861,0.44261201034574743,MO_PHONG,HCM_SIM_v1
2025-05-01,2025,2,SIM012,TP.HCM,2988,1252,532,104742,113121,108932,0.40595309124328194,0.22,0.04,110710497,44643187,24131101,8551095,312969096,141627492,57951824,512548412,4772,208070612.26323527,31158048.24,20501936.48,304477799.7367647,64781935.01676473,0.1263918363613323,107407.46269907795,0.38938627323266395,MO_PHONG,HCM_SIM_v1
2025-05-01,2025,2,SIM013,TP.HCM,3946,1450,619,108113,116762,112438,0.41184514869004485,0.22,0.04,72376085,60503049,35867418,13342931,426613898,169304900,69599122,665517920,6015,274090326.7182894,37247078,26620716.8,391427593.2817106,145470315.4817106,0.21858211643904438,110643.04571903574,0.3589745892943048,MO_PHONG,HCM_SIM_v1
2025-05-01,2025,2,SIM014,TP.HCM,3519,1580,820,107222,115800,111511,0.42781294508837164,0.22,0.04,92377334,67496577,25828076,13644253,377314218,182964000,91439020,651717238,5919,278813070.9536392,40252080,26068689.52,372904167.0463608,107237157.5263608,0.16454552875638498,110105.97026524751,0.42104612859726137,MO_PHONG,HCM_SIM_v1
2025-05-01,2025,2,SIM015,TP.HCM,2222,913,443,128049,138293,133171,0.4190582199580968,0.22,0.04,80730637,50557718,23412467,14045624,284524878,126261509,58994753,469781140,3578,196865648.29828545,27777531.98,18791245.6,272915491.7017145,57600268.12171452,0.12261085688053487,131297.1324762437,0.39434589051403807,MO_PHONG,HCM_SIM_v1
2025-05-01,2025,2,SIM016,TP.HCM,3783,1889,975,118483,127962,123222,0.41532043707557026,0.22,0.04,90276208,66564876,29450116,10400125,448221189,241720218,120141450,810082857,6647,336443966.2366667,53178447.96,32403314.28,473638890.7633333,191365803.5233333,0.2362299138535323,121871.95080487437,0.4466971061949037,MO_PHONG,HCM_SIM_v1
2025-05-01,2025,2,SIM017,TP.HCM,2260,922,557,123600,133488,128544,0.44264845147728926,0.22,0.04,74592250,156037205,26541356,13610269,279336000,123075936,71599008,474010944,3739,209820210.3448881,27076705.92,18960437.76,264190733.6551119,-52627490.0248881,-0.11102589653476039,126774.79112062049,0.4106971504860445,MO_PHONG,HCM_SIM_v1
2025-05-01,2025,2,SIM018,TP.HCM,2305,886,406,109375,118125,113750,0.4404933548998088,0.22,0.04,105160887,167490617,35486755,9059993,252109375,104658750,46182500,402950625,3597,177497072.66522476,23024925,16118025,225453552.33477524,-130887649.66522476,-0.32482304665794914,112024.08256880734,0.374341769540623,MO_PHONG,HCM_SIM_v1
2025-05-01,2025,2,SIM019,TP.HCM,2565,1149,540,115934,125209,120571,0.4123712102882564,0.22,0.04,66833482,166869454,26765388,13114103,297370710,143865141,65108340,506344191,4254,208801766.86509806,31650331.02,20253767.64,297542424.13490194,-27944101.525098056,-0.055187957167850785,119027.78349788435,0.4127103356064768,MO_PHONG,HCM_SIM_v1
2025-05-01,2025,2,SIM020,TP.HCM,1846,694,484,103312,111577,107444,0.43651546754874293,0.22,0.04,90046780,144686625,26609440,14481194,190713952,77434438,52002896,320151286,3024,139750988.29462132,17035576.36,12806051.44,180400297.70537868,-125265369.09462132,-0.3912692985235153,105870.13425925926,0.40430052809470834,MO_PHONG,HCM_SIM_v1
2025-06-01,2025,2,SIM001,TP.HCM,3707,1225,585,115644,124896,120270,0.4418019743077457,0.22,0.04,94148584,48450961,27685474,9714103,428692308,152997600,70357950,652047858,5517,288076031.0075366,33659472,26081914.32,363971826.9924634,124231318.67246342,0.19052484744526746,118188.84502446982,0.3425447185503982,MO_PHONG,HCM_SIM_v1
2025-06-01,2025,2,SIM002,TP.HCM,3531,1814,717,126560,136685,131622,0.4316211685631425,0.22,0.04,101576523,88536026,24099641,11659160,446883360,247946590,94372974,789202924,6062,340636688.2903289,54548249.8,31568116.96,448566235.7096711,136578518.9496711,0.17305881009339885,130188.53909600792,0.4337535424539304,MO_PHONG,HCM_SIM_v1
2025-06-01,2025,2,SIM003,TP.HCM,2252,1251,541,118244,127704,122974,0.3990715682134032,0.22,0.04,74485290,78165937,34782985,13855991,266285488,159757704,66528934,492572126,4044,196571530.78103006,35146694.88,19702885.04,296000595.21896994,39860812.29896994,0.08092380830126376,121803.19634025717,0.4593979765716585,MO_PHONG,HCM_SIM_v1
2025-06-01,2025,2,SIM004,TP.HCM,1987,1017,483,104367,112716,108542,0.4024365897383541,0.22,0.04,76200579,70870997,26564464,11871448,207377229,114632172,52425786,374435187,3487,150686419.7343229,25219077.84,14977407.48,223748767.2656771,-1955206.0543229058,-0.0052217476407282895,107380.32320045885,0.44615987973373883,MO_PHONG,HCM_SIM_v1
2025-06-01,2025,2,SIM005,TP.HCM,3664,2180,1009,133968,144685,139327,0.455429052207619,0.22,0.04,76267768,60195796,36645960,11020902,490858752,315413300,140580943,946852995,6853,431224362.0927954,69390926,37874119.800000004,515628632.9072046,224233161.10720462,0.23681940310829835,138166.20385232745,0.4815892703597563,MO_PHONG,HCM_SIM_v1
2025-06-01,2025,2,SIM006,TP.HCM,2939,1209,712,118952,128468,123710,0.446042960556224,0.22,0.04,106536261,46686017,26262960,10232776,349599928,155317812,88081520,592999260,4860,264503145.53805003,34169918.64,23719970.400000002,328496114.46194994,80888211.42194994,0.1364052485022493,122016.30864197531,0.4104546977006346,MO_PHONG,HCM_SIM_v1
2025-06-01,2025,2,SIM007,TP.HCM,2575,1546,711,127019,137181,132100,0.41109836213290696,0.22,0.04,97502180,51121118,37461303,12563030,327073925,212081826,93923100,633078851,4832,260257678.74708265,46658001.72,25323154.04,372821172.25291735,102192385.49291736,0.16142125950266084,131017.9741307947,0.483359893505588,MO_PHONG,HCM_SIM_v1
2025-06-01,2025,2,SIM008,TP.HCM,3768,1600,836,127144,137316,132230,0.39917928109876816,0.22,0.04,65793664,60061242,29874012,11280277,479078592,219705600,110544280,809328472,6204,323067157.6257245,48335232,32373138.88,486261314.3742755,238543748.4942755,0.2947428105485896,130452.68729851709,0.4080541973074191,MO_PHONG,HCM_SIM_v1
2025-06-01,2025,2,SIM009,TP.HCM,4298,2324,872,126706,136842,131774,0.45588086074218154,0.22,0.04,77803717,93247032,36479278,10670640,544582388,318020808,114906928,977510124,7494,445628156.7133166,69964577.76,39100404.96,531881967.2866834,204616317.56668338,0.20932398810294406,130439.03442754204,0.44288823754422824,MO_PHONG,HCM_SIM_v1
2025-06-01,2025,2,SIM010,TP.HCM,3586,1332,748,117823,127249,122536,0.4552400346938521,0.22,0.04,67118420,62431492,26424494,9335984,422513278,169495668,91656928,683665874,5666,311232076.1987627,37289046.96,27346634.96,372433797.8012373,142487725.88123727,0.20841719807889267,120661.11436639605,0.3819886379175919,MO_PHONG,HCM_SIM_v1
2025-06-01,2025,2,SIM011,TP.HCM,4145,2022,1064,99943,107938,103941,0.44985106218606236,0.22,0.04,68503612,59122905,29644212,13290946,414263735,218250636,110593224,743107595,7231,334287740.9292802,48015139.92,29724303.8,408819854.0707198,160518735.35071978,0.21601008579480308,102766.91951320703,0.4425252308180217,MO_PHONG,HCM_SIM_v1
2025-06-01,2025,2,SIM012,TP.HCM,3454,1447,615,103405,111677,107541,0.40730977958999576,0.22,0.04,110710497,44643187,24131101,8551095,357160870,161596619,66137715,584895204,5516,238233536.6244856,35551256.18,23395808.16,346661667.3755144,99678723.03551438,0.17042150859475055,106036.11385061638,0.3893592090387529,MO_PHONG,HCM_SIM_v1
2025-06-01,2025,2,SIM013,TP.HCM,4127,1518,648,114463,123620,119042,0.4093831670470536,0.22,0.04,72376085,60503049,35867418,13342931,472388801,187655160,77139216,737183177,6293,301790383.6940687,41284135.2,29487327.080000002,435392793.3059313,182531848.02593133,0.2476071805772249,117143.36198951215,0.359197529544275,MO_PHONG,HCM_SIM_v1
2025-06-01,2025,2,SIM014,TP.HCM,4015,1803,936,106458,114975,110716,0.42580345352180304,0.22,0.04,92377334,67496577,25828076,13644253,427428870,207299925,103630176,738358971,6754,314395799.7906048,45605983.5,29534358.84,423963171.2093952,149476588.86939517,0.2024443322831858,109321.7309742375,0.4211096678068262,MO_PHONG,HCM_SIM_v1
2025-06-01,2025,2,SIM015,TP.HCM,2559,1052,510,129294,139638,134466,0.42953868135809903,0.22,0.04,80730637,50557718,23412467,14045624,330863346,146899176,68577660,546340182,4121,234674241.34922382,32317818.72,21853607.28,311665940.65077615,88748068.65077615,0.16244104236648688,132574.66197524872,0.39440049093808005,MO_PHONG,HCM_SIM_v1
2025-06-01,2025,2,SIM016,TP.HCM,3511,1753,904,117036,126399,121717,0.41603953960351653,0.22,0.04,90276208,66564876,29450116,10400125,410913396,221577447,110032168,742523011,6168,308918931.64145684,48747038.34,29700920.44,433604079.35854316,158464795.57854316,0.21341398614048226,120383.10813878081,0.44659843545239303,MO_PHONG,HCM_SIM_v1
2025-06-01,2025,2,SIM017,TP.HCM,2432,993,600,123483,133362,128422,0.43579851804301145,0.22,0.04,74592250,156037205,26541356,13610269,300310656,132428466,77053200,509792322,4025,222166738.4373057,29134262.52,20391692.88,287625583.5626943,-32681451.837305687,-0.06410738339308626,126656.47751552795,0.4109156944109488,MO_PHONG,HCM_SIM_v1
2025-06-01,2025,2,SIM018,TP.HCM,2239,861,394,113631,122721,118176,0.443495116988197,0.22,0.04,105160887,167490617,35486755,9059993,254419809,105662781,46561344,406643934,3494,180344599.08187065,23245811.82,16265757.360000001,226299334.91812935,-130410486.26187065,-0.3206994506940577,116383.49570692616,0.3743425446007022,MO_PHONG,HCM_SIM_v1
2025-06-01,2025,2,SIM019,TP.HCM,2338,1048,493,119943,129538,124741,0.4122636042162776,0.22,0.04,66833482,166869454,26765388,13114103,280426734,135755824,61497313,477679871,3879,196930025.28002656,29866281.28,19107194.84,280749845.71997344,-41806057.40002656,-0.08751898486429327,123145.10724413508,0.41294002317296724,MO_PHONG,HCM_SIM_v1
2025-06-01,2025,2,SIM020,TP.HCM,2037,766,534,101528,109650,105589,0.41910119473002855,0.22,0.04,90046780,144686625,26609440,14481194,206812536,83991900,56384526,347188962,3337,145507308.77127847,18478218,13887558.48,201681653.22872153,-106508162.25127847,-0.30677289288729886,104042.24213365298,0.40432283673811037,MO_PHONG,HCM_SIM_v1
2025-07-01,2025,3,SIM001,TP.HCM,4095,1354,646,114003,123123,118563,0.4379077580198646,0.22,0.04,94148584,48450961,27685474,9714103,466842285,166708542,76591698,710142525,6095,310976920.99731565,36675879.24,28405701,399165604.00268435,154084901.76268435,0.21697743247059362,116512.30926989336,0.342607619505676,MO_PHONG,HCM_SIM_v1
2025-07-01,2025,3,SIM002,TP.HCM,3621,1859,735,130223,140641,135432,0.42582083649002017,0.22,0.04,101576523,88536026,24099641,11659160,471537483,261451619,99542520,832531622,6215,354509311.6844333,57519356.18,33301264.88,478022310.3155667,161330339.25556672,0.19378283658223222,133955.20868865648,0.43361012297980916,MO_PHONG,HCM_SIM_v1
2025-07-01,2025,3,SIM003,TP.HCM,2371,1317,569,120191,129806,124999,0.4039541598595679,0.22,0.04,74485290,78165937,34782985,13855991,284972861,170954502,71124431,527051794,4257,212904764.64774805,37609990.44,21082071.76,314147029.35225195,54164764.152251944,0.10276933836269599,123808.26732440686,0.45930767290017044,MO_PHONG,HCM_SIM_v1
2025-07-01,2025,3,SIM004,TP.HCM,1965,1006,477,106692,115227,110960,0.40309684162028137,0.22,0.04,76200579,70870997,26564464,11871448,209649780,115918362,52927920,378496062,3448,152570567.1579142,25502039.64,15139842.48,225925494.8420858,-223875.27791419625,-0.000591486412649113,109772.63979118329,0.4460978566271054,MO_PHONG,HCM_SIM_v1
2025-07-01,2025,3,SIM005,TP.HCM,3985,2371,1097,130399,140831,135615,0.4501292812079191,0.22,0.04,76267768,60195796,36645960,11020902,519640015,333910301,148769655,1002319971,7453,451173568.08657235,73460266.22,40092798.84,551146402.9134276,253462911.8534276,0.2528762462954333,134485.43821280022,0.4815627443983155,MO_PHONG,HCM_SIM_v1
2025-07-01,2025,3,SIM006,TP.HCM,2984,1227,723,124466,134423,129445,0.4339425704162568,0.22,0.04,106536261,46686017,26262960,10232776,371406544,164937021,93588735,629932300,4934,273354441.4502246,36286144.62,25197292,356577858.5497754,105376407.92977542,0.16728211576033714,127671.72679367653,0.4104024448341512,MO_PHONG,HCM_SIM_v1
2025-07-01,2025,3,SIM007,TP.HCM,2600,1560,717,128091,138338,133215,0.39992443194612864,0.22,0.04,97502180,51121118,37461303,12563030,333036600,215807280,95515155,644359035,4877,257694921.0417306,47477601.6,25774361.400000002,386664113.95826936,114764519.95826936,0.17810648058697487,132122.00840680746,0.4831505699303184,MO_PHONG,HCM_SIM_v1
2025-07-01,2025,3,SIM008,TP.HCM,3638,1545,807,124624,134594,129609,0.4020382937882096,0.22,0.04,65793664,60061242,29874012,11280277,453382112,207947730,104594463,765924305,5990,307930900.75312024,45748500.6,30636972.2,457993404.24687976,214598736.44687974,0.28018269566061066,127867.16277128548,0.40805885249979107,MO_PHONG,HCM_SIM_v1
2025-07-01,2025,3,SIM009,TP.HCM,4343,2349,881,122993,132832,127913,0.45516864854842426,0.22,0.04,77803717,93247032,36479278,10670640,534158599,312022368,112691353,958872320,7573,436448618.0248922,68644920.96,38354892.800000004,522423701.9751078,197223221.2151078,0.20568246376650834,126617.23491350852,0.44293042164362406,MO_PHONG,HCM_SIM_v1
2025-07-01,2025,3,SIM010,TP.HCM,3883,1443,810,119863,129452,124658,0.4543716061022133,0.22,0.04,67118420,62431492,26424494,9335984,465428029,186799236,100972980,753200245,6136,342232805.03723055,41095831.92,30128009.8,410967439.96276945,174433208.24276945,0.2315894204771129,122751.01776401565,0.38206601486169195,MO_PHONG,HCM_SIM_v1
2025-07-01,2025,3,SIM011,TP.HCM,4220,2059,1084,102952,111188,107070,0.4427992476709187,0.22,0.04,68503612,59122905,29644212,13290946,434457440,228936092,116063880,779457412,7363,345143155.62512136,50365940.24,31178296.48,434314256.37487864,182208344.65487865,0.23376305343912573,105861.38965095748,0.44261555113674383,MO_PHONG,HCM_SIM_v1
2025-07-01,2025,3,SIM012,TP.HCM,3498,1466,623,103289,111552,107421,0.40098405298776923,0.22,0.04,110710497,44643187,24131101,8551095,361304922,163535232,66923283,591763437,5587,237287701.37823245,35977751.04,23670537.48,354475735.6217675,106791567.10176753,0.18046327370808402,105917.92321460534,0.38944365364702316,MO_PHONG,HCM_SIM_v1
2025-07-01,2025,3,SIM013,TP.HCM,3836,1410,602,112345,121333,116839,0.4137942449748516,0.22,0.04,72376085,60503049,35867418,13342931,430955420,171079530,70337078,672372028,5848,278223675.6684698,37637496.6,26894881.12,394148352.3315302,147526491.6115302,0.21941200030339486,114974.69699042408,0.35905212880152715,MO_PHONG,HCM_SIM_v1
2025-07-01,2025,3,SIM014,TP.HCM,3705,1664,864,108729,117427,113078,0.4146506204735488,0.22,0.04,92377334,67496577,25828076,13644253,402840945,195398528,97699392,695938865,6233,288571482.18390733,42987676.160000004,27837554.6,407367382.81609267,137195912.05609268,0.1971378794257922,111653.91705438793,0.4211546943854041,MO_PHONG,HCM_SIM_v1
2025-07-01,2025,3,SIM015,TP.HCM,2394,984,477,129091,139418,134255,0.42971097512170675,0.22,0.04,80730637,50557718,23412467,14045624,309043854,137187312,64039635,510270801,3855,219268963.47384438,30181208.64,20410832.04,291001837.5261556,71663350.84615558,0.14044180208962337,132365.966536965,0.39435324656172127,MO_PHONG,HCM_SIM_v1
2025-07-01,2025,3,SIM016,TP.HCM,3899,1947,1004,113769,122871,118320,0.41351454638876023,0.22,0.04,90276208,66564876,29450116,10400125,443585331,239229837,118793280,801608448,6850,331476753.7561181,52630564.14,32064337.92,470131694.2438819,188745467.18388188,0.23545843067746947,117023.13109489052,0.446630917991523,MO_PHONG,HCM_SIM_v1
2025-07-01,2025,3,SIM017,TP.HCM,2652,1082,653,122831,132657,127744,0.4464158738777042,0.22,0.04,74592250,156037205,26541356,13610269,325747812,143534874,83416832,552699518,4387,246733838.3197559,31577672.28,22107980.72,305965679.6802441,-18501053.31975591,-0.03347398128137306,125985.7574652382,0.4106240345952319,MO_PHONG,HCM_SIM_v1
2025-07-01,2025,3,SIM018,TP.HCM,2662,1024,469,113765,122866,118316,0.44805928996764127,0.22,0.04,105160887,167490617,35486755,9059993,302842430,125814784,55490204,484147418,4155,216926748.34874684,27679252.48,19365896.72,267220669.65125316,-97022731.54874684,-0.2003991510468963,116521.64091456078,0.3744830216155361,MO_PHONG,HCM_SIM_v1
2025-07-01,2025,3,SIM019,TP.HCM,2406,1078,507,120360,129989,125174,0.41341850826516746,0.22,0.04,66833482,166869454,26765388,13114103,289586160,140128142,63463218,493177520,3991,203888714.6283148,30828191.24,19727100.8,289288805.3716852,-34848913.66831479,-0.07066200760390456,123572.41794036582,0.41281557196686497,MO_PHONG,HCM_SIM_v1
2025-07-01,2025,3,SIM020,TP.HCM,1828,688,479,104532,112895,108713,0.42684637059457603,0.22,0.04,90046780,144686625,26609440,14481194,191084496,77671760,52073527,320829783,2995,136945028.4521954,17087787.2,12833191.32,183884754.5478046,-121860262.9721954,-0.3798283994481753,107121.79732888147,0.4044053696847714,MO_PHONG,HCM_SIM_v1
2025-08-01,2025,3,SIM001,TP.HCM,3903,1290,615,112878,121908,117393,0.4288701809383929,0.22,0.04,94148584,48450961,27685474,9714103,440562834,157261320,72196695,670020849,5808,287351962.7431256,34597490.4,26800833.96,382668886.2568744,141271439.89687437,0.21084633427112112,115361.71642561983,0.34246399248988146,MO_PHONG,HCM_SIM_v1
2025-08-01,2025,3,SIM002,TP.HCM,3069,1576,623,131167,141660,136414,0.42526939583010975,0.22,0.04,101576523,88536026,24099641,11659160,402551523,223256160,84985922,710793605,5268,302278766.9582557,49116355.2,28431744.2,408514838.0417443,105095388.64174429,0.14785640712361822,134926.65242976462,0.43365905353073625,MO_PHONG,HCM_SIM_v1
2025-08-01,2025,3,SIM003,TP.HCM,2127,1182,511,121929,131683,126806,0.4114624961465597,0.22,0.04,74485290,78165937,34782985,13855991,259342983,155649306,64797866,479790155,3820,197415654.8028448,34242847.32,19191606.2,282374500.19715524,27649843.67715524,0.05762903508754831,125599.5170157068,0.45946580958919425,MO_PHONG,HCM_SIM_v1
2025-08-01,2025,3,SIM004,TP.HCM,1773,907,430,104237,112576,108406,0.4103563567530364,0.22,0.04,76200579,70870997,26564464,11871448,184812201,102106432,46614580,333533213,3110,136867474.1428145,22463415.04,13341328.52,196665738.8571855,-24646492.70281449,-0.07389516768398861,107245.40610932476,0.44589565957258953,MO_PHONG,HCM_SIM_v1
2025-08-01,2025,3,SIM005,TP.HCM,3274,1948,902,133803,144507,139155,0.43733131295070055,0.22,0.04,76267768,60195796,36645960,11020902,438071022,281499636,125517810,845088468,6124,369583649.2699361,61929919.92,33803538.72,475504818.7300639,195640934.09006393,0.23150349519390664,137996.15741345525,0.4816270265328008,MO_PHONG,HCM_SIM_v1
2025-08-01,2025,3,SIM006,TP.HCM,2927,1204,709,124991,134990,129991,0.44877659090794625,0.22,0.04,106536261,46686017,26262960,10232776,365848657,162527960,92163619,620540236,4840,278483931.63329244,35756151.2,24821609.44,342056304.36670756,91760529.72670756,0.14787200636367367,128210.79256198347,0.4104352372728333,MO_PHONG,HCM_SIM_v1
2025-08-01,2025,3,SIM007,TP.HCM,2452,1471,676,130748,141208,135978,0.3971353091672063,0.22,0.04,97502180,51121118,37461303,12563030,320594096,207716968,91921128,620232192,4599,246316103.32537407,45697732.96,24809287.68,373916088.67462593,104761437.03462593,0.16890680359046234,134862.40313111545,0.48310632673513343,MO_PHONG,HCM_SIM_v1
2025-08-01,2025,3,SIM008,TP.HCM,4078,1731,904,125318,135343,130331,0.4062351056095213,0.22,0.04,65793664,60061242,29874012,11280277,511046804,234278733,117819224,863144761,6713,350639703.14114004,51541321.26,34525790.44,512505057.85885996,259428751.15885997,0.3005622728431992,128578.0963801579,0.40792457176253427,MO_PHONG,HCM_SIM_v1
2025-08-01,2025,3,SIM009,TP.HCM,4112,2224,834,124172,134106,129139,0.4558394408412278,0.22,0.04,77803717,93247032,36479278,10670640,510595264,298251744,107701926,916548934,7170,417799153.5781834,65615383.68,36661957.36,498749780.4218166,178271772.3818166,0.1945032782961227,127831.09260808927,0.4429154352166864,MO_PHONG,HCM_SIM_v1
2025-08-01,2025,3,SIM010,TP.HCM,3385,1257,705,118318,127783,123051,0.46555061285384003,0.22,0.04,67118420,62431492,26424494,9335984,400506430,160623231,86750955,647880616,5347,301621217.8349234,35337110.82,25915224.64,346259398.1650766,119696672.7050766,0.1847511250515274,121167.12474284646,0.3818206315961149,MO_PHONG,HCM_SIM_v1
2025-08-01,2025,3,SIM011,TP.HCM,3920,1913,1007,103701,111997,107849,0.4600036843121052,0.22,0.04,68503612,59122905,29644212,13290946,406507920,214250261,108603943,729362124,6840,335509264.23770255,47135057.42,29174484.96,393852859.76229745,146981642.38229746,0.20152080502372982,106631.8894736842,0.4426528241271821,MO_PHONG,HCM_SIM_v1
2025-08-01,2025,3,SIM012,TP.HCM,3198,1340,570,99314,107259,103287,0.41017474013380706,0.22,0.04,110710497,44643187,24131101,8551095,317606172,143727060,58873590,520206822,5108,213375698.02968362,31619953.2,20808272.88,306831123.9703164,66367017.89031641,0.12757813831652598,101841.5861393892,0.3894617322031198,MO_PHONG,HCM_SIM_v1
2025-08-01,2025,3,SIM013,TP.HCM,4028,1481,632,112421,121415,116918,0.41664282320067286,0.22,0.04,72376085,60503049,35867418,13342931,452831788,179815615,73892176,706539579,6141,294374644.89757484,39559435.3,28261583.16,412164934.10242516,162254432.64242518,0.22964662909906874,115052.85442110406,0.35908503718798745,MO_PHONG,HCM_SIM_v1
2025-08-01,2025,3,SIM014,TP.HCM,3944,1771,919,108441,117116,112779,0.427111876020208,0.22,0.04,92377334,67496577,25828076,13644253,427691304,207412436,103643901,738747641,6634,315527890.85301316,45630735.92,29549905.64,423219750.14698684,148692868.58698684,0.20127694537976445,111357.7993668978,0.42105899191629365,MO_PHONG,HCM_SIM_v1
2025-08-01,2025,3,SIM015,TP.HCM,2582,1061,515,131899,142451,137175,0.41789067875593905,0.22,0.04,80730637,50557718,23412467,14045624,340563218,151140511,70645125,562348854,4158,235000344.29568446,33250912.42,22493954.16,327348509.70431554,102857197.12431554,0.18290638700993164,135245.03463203463,0.3943915496980812,MO_PHONG,HCM_SIM_v1
2025-08-01,2025,3,SIM016,TP.HCM,3799,1898,979,117889,127320,122605,0.4118324239458889,0.22,0.04,90276208,66564876,29450116,10400125,447860311,241653360,120030295,809543966,6676,333396453.8085483,53163739.2,32381758.64,476147512.1914517,193910689.35145172,0.23953076978582746,121261.82834032354,0.44677456715179814,MO_PHONG,HCM_SIM_v1
2025-08-01,2025,3,SIM017,TP.HCM,2684,1095,661,121438,131153,126296,0.4370303069986403,0.22,0.04,74592250,156037205,26541356,13610269,325939592,143612535,83481656,553033783,4440,241692523.96510944,31594757.7,22121351.32,311341259.03489053,-13155929.985109463,-0.023788655213328014,124557.15833333334,0.4106334874663525,MO_PHONG,HCM_SIM_v1
2025-08-01,2025,3,SIM018,TP.HCM,2302,886,406,113653,122745,118199,0.43706911263056103,0.22,0.04,105160887,167490617,35486755,9059993,261629206,108752070,47988794,418370070,3594,182856635.2460857,23925455.4,16734802.8,235513434.7539143,-122345075.4460857,-0.2924326671984105,116407.92153589315,0.3746464559474821,MO_PHONG,HCM_SIM_v1
2025-08-01,2025,3,SIM019,TP.HCM,2693,1207,568,119254,128794,124024,0.40996731109917167,0.22,0.04,66833482,166869454,26765388,13114103,321151022,155454358,70445632,547051012,4468,224273032.4237207,34199958.76,21882040.48,322777979.5762793,-6886446.663720712,-0.012588308060237556,122437.55863921218,0.41294136203882936,MO_PHONG,HCM_SIM_v1
2025-08-01,2025,3,SIM020,TP.HCM,2070,778,542,103954,112270,108112,0.4338703865837306,0.22,0.04,90046780,144686625,26609440,14481194,215184780,87346060,58596704,361127544,3390,156682547.12131318,19216133.2,14445101.76,204444996.87868682,-105040277.0813132,-0.29086753094998813,106527.29911504425,0.4041308020525845,MO_PHONG,HCM_SIM_v1
2025-09-01,2025,3,SIM001,TP.HCM,3311,1094,522,111782,120725,116253,0.44005815766751766,0.22,0.04,94148584,48450961,27685474,9714103,370110202,132073150,60684066,562867418,4927,247694398.97615257,29056093,22514696.72,315173019.02384746,83603107.30384746,0.1485307278948725,114241.4081591232,0.34245580723949454,MO_PHONG,HCM_SIM_v1
2025-09-01,2025,3,SIM002,TP.HCM,3071,1577,624,128826,139132,133979,0.4290440093260259,0.22,0.04,101576523,88536026,24099641,11659160,395624646,219411164,83602896,698638706,5272,299746751.4925867,48270456.08,27945548.240000002,398891954.5074133,96804600.18741333,0.13856174780475639,132518.7226858877,0.4337206876711466,MO_PHONG,HCM_SIM_v1
2025-09-01,2025,3,SIM003,TP.HCM,1952,1085,469,124137,134068,129102,0.4100679468177259,0.22,0.04,74485290,78165937,34782985,13855991,242315424,145463780,60548838,448328042,3506,183844959.6837512,32002031.6,17933121.68,264483082.3162488,13257726.036248803,0.029571485149815373,127874.51283513976,0.45951312142103307,MO_PHONG,HCM_SIM_v1
2025-09-01,2025,3,SIM004,TP.HCM,1615,827,392,107245,115825,111535,0.41034326986409725,0.22,0.04,76200579,70870997,26564464,11871448,173200675,95787275,43721720,312709670,2834,128318308.5059228,21073200.5,12508386.8,184391361.4940772,-34697713.80592279,-0.11095823741530855,110342.15596330275,0.4461294561181942,MO_PHONG,HCM_SIM_v1
2025-09-01,2025,3,SIM005,TP.HCM,3612,2149,995,127759,137980,132869,0.4390896241739392,0.22,0.04,76267768,60195796,36645960,11020902,461465508,296519020,132204655,890189183,6756,390872833.807176,65234184.4,35607567.32,499316349.192824,214344171.472824,0.24078496522555926,131762.75651272942,0.4816096209517747,MO_PHONG,HCM_SIM_v1
2025-09-01,2025,3,SIM006,TP.HCM,2545,1047,617,119336,128883,124109,0.4358100052084774,0.22,0.04,106536261,46686017,26262960,10232776,303710120,134940501,76575253,515225874,4209,224540590.83148232,29686910.22,20609034.96,290685283.1685177,50671323.98851771,0.098347785981955,122410.51888809694,0.4105301474048254,MO_PHONG,HCM_SIM_v1
2025-09-01,2025,3,SIM007,TP.HCM,2143,1286,591,128518,138799,133659,0.3990079207904637,0.22,0.04,97502180,51121118,37461303,12563030,275414074,178495514,78992469,532902057,4020,212632141.74853116,39269013.08,21316082.28,320269915.25146884,61037188.89146884,0.11453734901133782,132562.70074626865,0.48318068886718524,MO_PHONG,HCM_SIM_v1
2025-09-01,2025,3,SIM008,TP.HCM,3416,1450,758,124416,134369,129393,0.40815244418568913,0.22,0.04,65793664,60061242,29874012,11280277,425005056,194835050,98079894,717920000,5624,293020802.72979,42863711,28716800,424899197.27021,186309491.27021003,0.2595128862132411,127652.9160739687,0.408004992199688,MO_PHONG,HCM_SIM_v1
2025-09-01,2025,3,SIM009,TP.HCM,3762,2035,763,125474,135512,130493,0.46463986828923226,0.22,0.04,77803717,93247032,36479278,10670640,472033188,275766920,99566159,847366267,6560,393720150.69161844,60668722.4,33894650.68,453646116.30838156,140882076.22838157,0.1662587734665883,129171.68704268293,0.4429407844246885,MO_PHONG,HCM_SIM_v1
2025-09-01,2025,3,SIM010,TP.HCM,3560,1322,742,120010,129611,124810,0.4500870362948627,0.22,0.04,67118420,62431492,26424494,9335984,427235600,171345742,92609020,691190362,5624,311095821.5481533,37696063.24,27647614.48,380094540.4518467,149440472.73184672,0.21620740239987132,122900.1354907539,0.3818843208927731,MO_PHONG,HCM_SIM_v1
2025-09-01,2025,3,SIM011,TP.HCM,3312,1616,850,104218,112555,108387,0.44864133877679707,0.22,0.04,68503612,59122905,29644212,13290946,345170016,181888880,92128950,619187846,5778,277793264.18376124,40015553.6,24767513.84,341394581.81623876,106049839.37623876,0.17127248227065292,107163.00553824853,0.44254394166515987,MO_PHONG,HCM_SIM_v1
2025-09-01,2025,3,SIM012,TP.HCM,3351,1404,597,99834,107821,103827,0.40447204240597784,0.22,0.04,110710497,44643187,24131101,8551095,334543734,151380684,61984719,547909137,5352,221613927.69528672,33303750.48,21916365.48,326295209.30471325,83039213.34471324,0.15155654055959508,102374.6519058296,0.3894174938717987,MO_PHONG,HCM_SIM_v1
2025-09-01,2025,3,SIM013,TP.HCM,3649,1342,573,108568,117253,112911,0.40872193437069654,0.22,0.04,72376085,60503049,35867418,13342931,396164632,157353526,64698003,618216161,5564,252678505.18314597,34617775.72,24728646.44,365537655.816854,124101750.656854,0.20074167982945046,111110.02174694465,0.35918104864942213,MO_PHONG,HCM_SIM_v1
2025-09-01,2025,3,SIM014,TP.HCM,3770,1693,879,106887,115438,111162,0.4312001586612314,0.22,0.04,92377334,67496577,25828076,13644253,402963990,195436534,97711398,696111922,6342,300163571.21237475,42996037.48,27844476.88,395948350.78762525,125761596.42762525,0.18066289694665688,109762.20782087669,0.42112183793341207,MO_PHONG,HCM_SIM_v1
2025-09-01,2025,3,SIM015,TP.HCM,2151,884,429,132837,143464,138150,0.4245656872726977,0.22,0.04,80730637,50557718,23412467,14045624,285732387,126822176,59266350,471820913,3464,200318970.1974767,27900878.72,18872836.52,271501942.80252326,55981781.56252326,0.11865048797131902,136206.96102771364,0.3944049974741158,MO_PHONG,HCM_SIM_v1
2025-09-01,2025,3,SIM016,TP.HCM,3492,1744,900,117450,126846,122148,0.41488825951702896,0.22,0.04,90276208,66564876,29450116,10400125,410135400,221219424,109933200,741288024,6136,307551698.0781776,48668273.28,29651520.96,433736325.9218224,158725206.68182242,0.21412082961402654,120809.6518904824,0.44672598676705455,MO_PHONG,HCM_SIM_v1
2025-09-01,2025,3,SIM017,TP.HCM,2377,971,586,122155,131927,127041,0.4353706563264132,0.22,0.04,74592250,156037205,26541356,13610269,290362435,128101117,74446026,492909578,3934,214598366.48343536,28182245.74,19716383.12,278311211.5165646,-40368497.34343539,-0.08189838287832052,125294.75800711743,0.41092149968325425,MO_PHONG,HCM_SIM_v1
2025-09-01,2025,3,SIM018,TP.HCM,2375,913,418,112724,121742,117233,0.4426367208641023,0.22,0.04,105160887,167490617,35486755,9059993,267719500,111150446,49003394,427873340,3706,189392452.16277114,24453098.12,17114933.6,238480887.83722886,-120285395.88277113,-0.28112383885093456,115454.22018348624,0.374301983853446,MO_PHONG,HCM_SIM_v1
2025-09-01,2025,3,SIM019,TP.HCM,2118,949,446,118220,127678,122949,0.4021236309967935,0.22,0.04,66833482,166869454,26765388,13114103,250389960,121166422,54835254,426391636,3513,171462152.89498308,26656612.84,17055665.44,254929483.10501692,-62365222.174983084,-0.14626277091181752,121375.35895246228,0.4127700009575235,MO_PHONG,HCM_SIM_v1
2025-09-01,2025,3,SIM020,TP.HCM,1901,715,498,102831,111057,106944,0.43605265916325153,0.22,0.04,90046780,144686625,26609440,14481194,195481731,79405755,53258112,328145598,3114,143088760.60061535,17469266.1,13125823.92,185056837.39938465,-121362291.62061536,-0.36984281477582204,105377.52023121387,0.4042835491579564,MO_PHONG,HCM_SIM_v1
2025-10-01,2025,4,SIM001,TP.HCM,3665,1212,578,113511,122592,118051,0.42974839394912123,0.22,0.04,94148584,48450961,27685474,9714103,416017815,148581504,68233478,632832797,5455,271958878.1490803,32687930.88,25313311.88,360873918.8509197,122873554.09091973,0.19416432693345337,116009.67864344639,0.34261021715029727,MO_PHONG,HCM_SIM_v1
2025-10-01,2025,4,SIM002,TP.HCM,3183,1635,646,124829,134815,129822,0.4284280317369849,0.22,0.04,101576523,88536026,24099641,11659160,397330707,220422525,83865012,701618244,5464,300592923.3076796,48492955.5,28064729.76,401025320.6923204,98596285.4323204,0.1405269692963121,128407.43850658857,0.43369387783479585,MO_PHONG,HCM_SIM_v1
2025-10-01,2025,4,SIM003,TP.HCM,2232,1240,536,121364,131073,126219,0.3998160545900464,0.22,0.04,74485290,78165937,34782985,13855991,270884448,162530520,67653384,501068352,4008,200335171.57657656,35756714.4,20042734.080000002,300733180.4234234,43643528.943423405,0.08710094894084112,125017.05389221557,0.4593862355928638,MO_PHONG,HCM_SIM_v1
2025-10-01,2025,4,SIM004,TP.HCM,1825,935,443,110194,119010,114602,0.40862030125223103,0.22,0.04,76200579,70870997,26564464,11871448,201104050,111274350,50768686,363147086,3203,148389271.68018985,24480357,14525883.44,214757814.31981015,-9755914.120189846,-0.02686491093085584,113377.17327505464,0.4462187423417739,MO_PHONG,HCM_SIM_v1
2025-10-01,2025,4,SIM005,TP.HCM,3573,2126,984,130163,140576,135370,0.4507510042376816,0.22,0.04,76267768,60195796,36645960,11020902,465072399,298864576,133204080,897141055,6683,404387231.48410314,65750206.72,35885642.2,492753823.51589686,206987548.59589684,0.2307190685815809,134242.26470148138,0.48160615723912,MO_PHONG,HCM_SIM_v1
2025-10-01,2025,4,SIM006,TP.HCM,2587,1064,627,123477,133355,128416,0.43418268968351187,0.22,0.04,106536261,46686017,26262960,10232776,319434999,141889720,80516832,541841551,4278,235258221.99546576,31215738.4,21673662.04,306583329.00453424,63975914.56453425,0.11807125984794445,126657.67905563347,0.41046418752776676,MO_PHONG,HCM_SIM_v1
2025-10-01,2025,4,SIM007,TP.HCM,2517,1511,694,125057,135062,130059,0.41390484139323236,0.22,0.04,97502180,51121118,37461303,12563030,314768469,204078682,90260946,609108097,4722,252112790.28011858,44897310.04,24364323.88,356995306.7198814,89086041.79988141,0.14625653843488706,128993.66730199069,0.4832305291124705,MO_PHONG,HCM_SIM_v1
2025-10-01,2025,4,SIM008,TP.HCM,3406,1446,755,126196,136292,131244,0.40919233950786293,0.22,0.04,65793664,60061242,29874012,11280277,429823576,197078232,99089220,725991028,5607,297069967.20903844,43357211.04,29039641.12,428921060.79096156,189515013.63096157,0.2610431896838284,129479.40574282147,0.4079491902481197,MO_PHONG,HCM_SIM_v1
2025-10-01,2025,4,SIM009,TP.HCM,3570,1930,724,123202,133058,128130,0.45060667691752315,0.22,0.04,77803717,93247032,36479278,10670640,439831140,256801940,92766120,789399200,6224,355708550.27335125,56496426.8,31575968,433690649.72664875,127417587.92664875,0.16141083994846808,126831.49100257069,0.4428279886779718,MO_PHONG,HCM_SIM_v1
2025-10-01,2025,4,SIM010,TP.HCM,3747,1392,781,118992,128511,123752,0.45821335838176314,0.22,0.04,67118420,62431492,26424494,9335984,445863024,178887312,96650312,721400648,5920,330555413.65886015,39355208.64,28856025.92,390845234.34113985,157323609.78113985,0.21808077136789578,121858.21756756757,0.3819481237837757,MO_PHONG,HCM_SIM_v1
2025-10-01,2025,4,SIM011,TP.HCM,3643,1777,935,103640,111931,107786,0.4519433311745525,0.22,0.04,68503612,59122905,29644212,13290946,377560520,198901387,100779910,677241817,6355,306074922.7856867,43758305.14,27089672.68,371166894.2143133,129757241.39431334,0.1915966175406935,106568.34256490952,0.4425026474701576,MO_PHONG,HCM_SIM_v1
2025-10-01,2025,4,SIM012,TP.HCM,3097,1298,552,101150,109242,105196,0.4091678365971893,0.22,0.04,110710497,44643187,24131101,8551095,313261550,141796116,58068192,513125858,4947,209954597.21993655,31195145.52,20525034.32,303171260.78006345,63415200.94006345,0.12358605584063831,103724.6529209622,0.3895034812297454,MO_PHONG,HCM_SIM_v1
2025-10-01,2025,4,SIM013,TP.HCM,4019,1478,631,114518,123679,119099,0.4216633104719222,0.22,0.04,72376085,60503049,35867418,13342931,460247842,182797562,75151469,718196873,6128,302837271.0397627,40215463.64,28727874.92,415359601.9602373,164326780.40023732,0.2288046447679776,117199.22862271541,0.3591620079359493,MO_PHONG,HCM_SIM_v1
2025-10-01,2025,4,SIM014,TP.HCM,4038,1814,941,110118,118927,114523,0.4319649211782962,0.22,0.04,92377334,67496577,25828076,13644253,444656484,215733578,107766143,768156205,6793,331816534.54544413,47461387.160000004,30726248.2,436339670.45455587,158805795.09455585,0.20673633052870524,113080.55424701898,0.4211379389951032,MO_PHONG,HCM_SIM_v1
2025-10-01,2025,4,SIM015,TP.HCM,2366,972,472,128250,138510,133380,0.43714108623564246,0.22,0.04,80730637,50557718,23412467,14045624,303439500,134631720,62955360,501026580,3810,219019303.41412902,29618978.4,20041063.2,282007276.585871,63600788.98587099,0.12694094789516155,131503.03937007874,0.3943644666516495,MO_PHONG,HCM_SIM_v1
2025-10-01,2025,4,SIM016,TP.HCM,3818,1907,984,118937,128452,123694,0.42024634505622094,0.22,0.04,90276208,66564876,29450116,10400125,454101466,244957964,121714896,820774326,6709,344927410.6174832,53890752.08,32830973.04,475846915.3825168,192433865.2625168,0.2344540504822233,122339.29438068267,0.4467401676499321,MO_PHONG,HCM_SIM_v1
2025-10-01,2025,4,SIM017,TP.HCM,2630,1073,648,123194,133050,128122,0.44404132535681134,0.22,0.04,74592250,156037205,26541356,13610269,324000220,142762650,83023056,549785926,4351,244127671.2435618,31407783,21991437.04,305658254.7564382,-18522045.283561803,-0.033689558803951275,126358.52125948058,0.4106793122965465,MO_PHONG,HCM_SIM_v1
2025-10-01,2025,4,SIM018,TP.HCM,2573,990,453,111496,120416,115956,0.4397786847595126,0.22,0.04,105160887,167490617,35486755,9059993,286879208,119211840,52528068,458619116,4016,201690911.64005035,26226604.8,18344764.64,256928204.35994965,-104841417.08005035,-0.2286023705127249,114197.98705179284,0.37447176100701396,MO_PHONG,HCM_SIM_v1
2025-10-01,2025,4,SIM019,TP.HCM,2362,1059,498,117456,126852,122154,0.4032133451476693,0.22,0.04,66833482,166869454,26765388,13114103,277431072,134336268,60832692,472600032,3919,190558639.81961557,29553978.96,18904001.28,282041392.1803844,-39999015.059615605,-0.08463608199589713,120591.99591732585,0.41296857127593256,MO_PHONG,HCM_SIM_v1
2025-10-01,2025,4,SIM020,TP.HCM,1895,712,496,102922,111156,107039,0.4353819950576872,0.22,0.04,90046780,144686625,26609440,14481194,195037190,79143072,53091344,327271606,3103,142488164.74601334,17411475.84,13090864.24,184783441.25398666,-121542937.82601334,-0.37138247131042995,105469.41862713503,0.40405098876802653,MO_PHONG,HCM_SIM_v1
2025-11-01,2025,4,SIM001,TP.HCM,3877,1281,611,114281,123423,118852,0.43155580658465625,0.22,0.04,94148584,48450961,27685474,9714103,443067437,158104863,72618572,673790872,5769,290778363.23533887,34783069.86,26951634.88,383012508.76466113,141278682.02466112,0.20967734633344978,116795.089616918,0.3424258840360188,MO_PHONG,HCM_SIM_v1
2025-11-01,2025,4,SIM002,TP.HCM,3391,1741,688,127612,137821,132716,0.43091857819817964,0.22,0.04,101576523,88536026,24099641,11659160,432732292,239946361,91308608,763987261,5820,329216304.27164155,52788199.42,30559490.44,434770956.72835845,125551916.86835845,0.1643377099037237,131269.28883161512,0.4335870320225143,MO_PHONG,HCM_SIM_v1
2025-11-01,2025,4,SIM003,TP.HCM,2227,1237,535,117804,127228,122516,0.408829220701009,0.22,0.04,74485290,78165937,34782985,13855991,262349508,157381036,65546060,485276604,3999,198395255.83775216,34623827.92,19411064.16,286881348.16224784,31556253.08224784,0.06502735310571008,121349.48837209302,0.4593815035847061,MO_PHONG,HCM_SIM_v1
2025-11-01,2025,4,SIM004,TP.HCM,1885,966,458,104717,113094,108906,0.4159599032718689,0.22,0.04,76200579,70870997,26564464,11871448,197391545,109248804,49878948,356519297,3309,148297732.2946747,24034736.88,14260771.88,208221564.7053253,-15581432.054674692,-0.04370431610795724,107742.30794802055,0.44633699589057585,MO_PHONG,HCM_SIM_v1
2025-11-01,2025,4,SIM005,TP.HCM,3360,1999,925,127665,137878,132772,0.4458263812959194,0.22,0.04,76267768,60195796,36645960,11020902,428954400,275618122,122814100,827386622,6284,368870783.6189147,60635986.84,33095464.88,458515838.3810853,180653960.66108528,0.2183428591392976,131665.5986632718,0.48155506918505625,MO_PHONG,HCM_SIM_v1
2025-11-01,2025,4,SIM006,TP.HCM,2721,1119,659,121043,130726,125885,0.43468651349656284,0.22,0.04,106536261,46686017,26262960,10232776,329358003,146282394,82958215,558598612,4499,242815283.09429926,32182126.68,22343944.48,315783328.90570074,71539243.74570075,0.12806913982396495,124160.61613691931,0.41038521055258187,MO_PHONG,HCM_SIM_v1
2025-11-01,2025,4,SIM007,TP.HCM,2274,1365,628,130526,140968,135747,0.40043713493272665,0.22,0.04,97502180,51121118,37461303,12563030,296816124,192421320,85249116,574486560,4267,230045752.14375797,42332690.4,22979462.400000002,344440807.85624206,80481024.05624206,0.14009209206955522,134634.76915865947,0.4833366963362903,MO_PHONG,HCM_SIM_v1
2025-11-01,2025,4,SIM008,TP.HCM,3726,1582,826,128947,139263,134105,0.3989145516697318,0.22,0.04,65793664,60061242,29874012,11280277,480456522,220314066,110770730,811541318,6134,323735641.0314332,48469094.52,32461652.720000003,487805676.9685668,239865734.72856677,0.2955681114545135,132302.13857189435,0.4079703505619907,MO_PHONG,HCM_SIM_v1
2025-11-01,2025,4,SIM009,TP.HCM,3877,2097,787,124633,134604,129618,0.4670674605295062,0.22,0.04,77803717,93247032,36479278,10670640,483202141,282264588,102009366,867476095,6761,405169856.76170266,62098209.36,34699043.8,462306238.23829734,147308318.07829735,0.1698125388438483,128305.88596361486,0.4429793007725475,MO_PHONG,HCM_SIM_v1
2025-11-01,2025,4,SIM010,TP.HCM,4077,1514,850,117505,126905,122205,0.46906869254074995,0.22,0.04,67118420,62431492,26424494,9335984,479067885,192134170,103874250,775076305,6441,363564029.00566554,42269517.4,31003052.2,411512275.99433446,172929316.39433447,0.22311263456097327,120334.77798478497,0.38190874639110534,MO_PHONG,HCM_SIM_v1
2025-11-01,2025,4,SIM011,TP.HCM,3568,1741,916,105491,113930,109711,0.4462054331041873,0.22,0.04,68503612,59122905,29644212,13290946,376391888,198352130,100495276,675239294,6225,301295441.62823564,43637468.6,27009571.76,373943852.37176436,132735137.01176436,0.1965749597086753,108472.17574297189,0.442579998906284,MO_PHONG,HCM_SIM_v1
2025-11-01,2025,4,SIM012,TP.HCM,3363,1409,599,101581,109707,105644,0.4066948838997632,0.22,0.04,110710497,44643187,24131101,8551095,341616903,154577163,63280756,559474822,5371,227535547.77813068,34006975.86,22378992.88,331939274.22186935,87517425.48186935,0.1564278177327332,104165.85775460808,0.389397181844941,MO_PHONG,HCM_SIM_v1
2025-11-01,2025,4,SIM013,TP.HCM,3690,1357,579,110237,119056,114646,0.4067545215040445,0.22,0.04,72376085,60503049,35867418,13342931,406774530,161558992,66380034,634713556,5626,258172608.76291054,35542978.24,25388542.240000002,376540947.23708946,133519943.75708945,0.21036252100638836,112817.90899395663,0.35912109304311124,MO_PHONG,HCM_SIM_v1
2025-11-01,2025,4,SIM014,TP.HCM,3699,1661,862,110078,118884,114481,0.4271207927446813,0.22,0.04,92377334,67496577,25828076,13644253,407178522,197466324,98682622,703327468,6222,300405785.69126946,43442591.28,28133098.72,402921682.30873054,131999752.30873054,0.1876789380686189,113038.8087431694,0.4210683635634717,MO_PHONG,HCM_SIM_v1
2025-11-01,2025,4,SIM015,TP.HCM,2608,1072,520,126363,136472,131418,0.4179848060570658,0.22,0.04,80730637,50557718,23412467,14045624,329554704,146297984,68337360,544190048,4200,227463171.6714653,32185556.48,21767601.92,316726876.3285347,94027271.92853472,0.17278388730941055,129569.05904761904,0.39441247554751313,MO_PHONG,HCM_SIM_v1
2025-11-01,2025,4,SIM016,TP.HCM,3659,1828,943,119614,129183,124399,0.4048176674637944,0.22,0.04,90276208,66564876,29450116,10400125,437667626,236146524,117308257,791122407,6430,320260327.4800826,51952235.28,31644896.28,470862079.5199174,190573622.95991743,0.24089018497477271,123036.14416796267,0.44677634949100864,MO_PHONG,HCM_SIM_v1
2025-11-01,2025,4,SIM017,TP.HCM,2720,1110,670,123839,133746,128793,0.44084332708269364,0.22,0.04,74592250,156037205,26541356,13610269,336842080,148458060,86291310,571591450,4500,251982276.5500211,32660773.2,22863658,319609173.4499789,-6696337.750021115,-0.011715251776458718,127020.32222222222,0.41069433421371154,MO_PHONG,HCM_SIM_v1
2025-11-01,2025,4,SIM018,TP.HCM,2455,945,433,110080,118886,114483,0.43612670197151604,0.22,0.04,105160887,167490617,35486755,9059993,270246400,112347270,49571139,432164809,3833,188478612.85732016,24716399.4,17286592.36,243686196.14267984,-115515047.61732015,-0.2672939702902097,112748.45003913384,0.37466819516070315,MO_PHONG,HCM_SIM_v1
2025-11-01,2025,4,SIM019,TP.HCM,2516,1128,530,118388,127859,123124,0.4059429001994431,0.22,0.04,66833482,166869454,26765388,13114103,297864208,144224952,65255720,507344880,4174,205953051.98853844,31729489.44,20293795.2,301391828.01146156,-24213883.628538445,-0.04772667387229461,121548.84523239099,0.4128960008426615,MO_PHONG,HCM_SIM_v1
2025-11-01,2025,4,SIM020,TP.HCM,1810,681,474,101768,109909,105839,0.42080986273474996,0.22,0.04,90046780,144686625,26609440,14481194,184200080,74848029,50167686,309215795,2965,130121056.24936658,16466566.38,12368631.8,179094738.75063342,-125564498.42936659,-0.406074011935149,104288.6323777403,0.4042992532124693,MO_PHONG,HCM_SIM_v1
2025-12-01,2025,4,SIM001,TP.HCM,4270,1412,674,117625,127035,122330,0.42594597460702066,0.22,0.04,94148584,48450961,27685474,9714103,502258750,179373420,82450420,764082590,6356,325457903.47780657,39462152.4,30563303.6,438624686.52219343,188600108.52219343,0.24683209772152173,120214.37853996224,0.34266431852609025,MO_PHONG,HCM_SIM_v1
2025-12-01,2025,4,SIM002,TP.HCM,3494,1794,709,131985,142544,137264,0.42745674883015455,0.22,0.04,101576523,88536026,24099641,11659160,461155590,255723936,97320176,814199702,5997,348035157.5154007,56259265.92,32567988.080000002,466164544.4845993,151465940.4845993,0.18603045433760093,135767.83425045857,0.4336087462729138,MO_PHONG,HCM_SIM_v1
2025-12-01,2025,4,SIM003,TP.HCM,2383,1324,573,123001,132841,127921,0.39998517170548437,0.22,0.04,74485290,78165937,34782985,13855991,293111383,175881484,73298733,542291600,4280,216908598.74044186,38693926.48,21691664,325383001.25955814,63707207.779558145,0.11747776985584535,126703.64485981308,0.45949488614612505,MO_PHONG,HCM_SIM_v1
2025-12-01,2025,4,SIM004,TP.HCM,2038,1043,495,105298,113722,109510,0.40031081306748095,0.22,0.04,76200579,70870997,26564464,11871448,214597324,118612046,54207450,387416820,3576,155087142.21021792,26094650.12,15496672.8,232329677.78978208,5230866.869782075,0.013501909570632672,108338.03691275168,0.44608155113141446,MO_PHONG,HCM_SIM_v1
2025-12-01,2025,4,SIM005,TP.HCM,3580,2131,986,129837,140224,135030,0.4533821797184646,0.22,0.04,76267768,60195796,36645960,11020902,464816460,298817344,133139580,896773384,6697,406581071.55142367,65739815.68,35870935.36,490192312.44857633,204451135.40857634,0.22798528486275452,133906.7319695386,0.48167901914448435,MO_PHONG,HCM_SIM_v1
2025-12-01,2025,4,SIM006,TP.HCM,2817,1159,683,121960,131717,126838,0.4529525944683701,0.22,0.04,106536261,46686017,26262960,10232776,343561320,152660003,86630354,582851677,4659,264004179.28739044,33585200.660000004,23314067.080000002,318847497.7126095,72230215.97260952,0.12392555228525064,125102.3131573299,0.41055103115024577,MO_PHONG,HCM_SIM_v1
2025-12-01,2025,4,SIM007,TP.HCM,2704,1622,746,128869,139179,134024,0.4117404777929187,0.22,0.04,97502180,51121118,37461303,12563030,348461776,225748338,99981904,674192018,5072,277592143.61549205,49664634.36,26967680.72,396599874.38450795,121319928.30450796,0.17994862749103024,132924.29376971608,0.4831416470433502,MO_PHONG,HCM_SIM_v1
2025-12-01,2025,4,SIM008,TP.HCM,3922,1665,870,130315,140740,135528,0.39905390485189857,0.22,0.04,65793664,60061242,29874012,11280277,511095430,234332100,117909360,863336890,6457,344517957.157194,51553062,34533475.6,518818932.842806,265723200.242806,0.3077862226445646,133705.57379588045,0.4080000102856719,MO_PHONG,HCM_SIM_v1
2025-12-01,2025,4,SIM009,TP.HCM,4084,2209,828,123914,133827,128871,0.4545984243787825,0.22,0.04,77803717,93247032,36479278,10670640,506064776,295623843,106705188,908393807,7121,412954393.3776438,65037245.46,36335752.28,495439413.6223562,175865748.88235617,0.19360077922939448,127565.48335907877,0.44290155646118357,MO_PHONG,HCM_SIM_v1
2025-12-01,2025,4,SIM010,TP.HCM,4335,1611,904,119316,128861,124089,0.46328057077713314,0.22,0.04,67118420,62431492,26424494,9335984,517234860,207595071,112176456,837006387,6850,387768796.713466,45670915.62,33480255.48,449237590.286534,204776029.18653402,0.24465288720256087,122190.71343065694,0.3820419198306548,MO_PHONG,HCM_SIM_v1
2025-12-01,2025,4,SIM011,TP.HCM,4150,2024,1065,103033,111276,107154,0.44484934695065026,0.22,0.04,68503612,59122905,29644212,13290946,427586950,225222624,114119010,766928584,7239,341167679.7501869,49548977.28,30677143.36,425760904.2498131,174973108.6098131,0.22814785139083185,105943.99557949993,0.4424683615652015,MO_PHONG,HCM_SIM_v1
2025-12-01,2025,4,SIM012,TP.HCM,3682,1543,656,100728,108786,104757,0.39863244513981044,0.22,0.04,110710497,44643187,24131101,8551095,370880496,167856798,68720592,607457886,5881,242152422.41564023,36928495.56,24298315.44,365305463.58435977,116042772.58435977,0.19103015247440505,103291.59768746812,0.3894548008221923,MO_PHONG,HCM_SIM_v1
2025-12-01,2025,4,SIM013,TP.HCM,4398,1617,690,113813,122918,118366,0.4081506454013288,0.22,0.04,72376085,60503049,35867418,13342931,500549574,198758406,81672540,780980520,6705,318757703.28386533,43726849.32,31239220.8,462222816.71613467,205167263.59613466,0.2627047132957102,116477.33333333333,0.3590754683612339,MO_PHONG,HCM_SIM_v1
2025-12-01,2025,4,SIM014,TP.HCM,4153,1865,968,108409,117082,112745,0.4174613972846419,0.22,0.04,92377334,67496577,25828076,13644253,450222577,218357930,109137160,777717667,6986,324667103.9587718,48038744.6,31108706.68,453050563.0412282,174556871.76122817,0.22444761019068912,111325.17420555397,0.4210976603672808,MO_PHONG,HCM_SIM_v1
2025-12-01,2025,4,SIM015,TP.HCM,2700,1109,538,126423,136537,131480,0.4354615575447679,0.22,0.04,80730637,50557718,23412467,14045624,341342100,151419533,70736240,563497873,4347,245381661.4497438,33312297.26,22539914.92,318116211.5502562,93517553.37025619,0.1659590175068082,129629.14032666206,0.39424420862010956,MO_PHONG,HCM_SIM_v1
2025-12-01,2025,4,SIM016,TP.HCM,4380,2187,1128,120112,129721,124916,0.415791305070743,0.22,0.04,90276208,66564876,29450116,10400125,526090560,283699827,140905248,950695635,7695,395290978.80170876,62413961.94,38027825.4,555404656.1982913,258271543.8582913,0.27166585640028873,123547.1910331384,0.4466256700547489,MO_PHONG,HCM_SIM_v1
2025-12-01,2025,4,SIM017,TP.HCM,2797,1142,689,118516,127997,123257,0.43192736016586425,0.22,0.04,74592250,156037205,26541356,13610269,331489252,146172574,84924073,562585899,4628,242996242.22160953,32157966.28,22503435.96,319589656.77839047,-5852825.461609535,-0.010403434341338752,121561.3437770095,0.4107757542639724,MO_PHONG,HCM_SIM_v1
2025-12-01,2025,4,SIM018,TP.HCM,2412,928,425,109552,118316,113934,0.44361094732768835,0.22,0.04,105160887,167490617,35486755,9059993,264239424,109797248,48421950,422458622,3765,187407269.5121698,24155394.56,16898344.88,235051352.4878302,-123200638.9521698,-0.29162770632757923,112206.805312085,0.3745199879007322,MO_PHONG,HCM_SIM_v1
2025-12-01,2025,4,SIM019,TP.HCM,2561,1148,540,116803,126147,121475,0.41259340405464173,0.22,0.04,66833482,166869454,26765388,13114103,299132483,144816756,65596500,509545739,4249,210235210.97554803,31859686.32,20381829.56,299310528.024452,-26513414.855548024,-0.052033434540305366,119921.33184278655,0.41294282317607606,MO_PHONG,HCM_SIM_v1
2025-12-01,2025,4,SIM020,TP.HCM,2174,818,570,103319,111585,107452,0.4240450701396913,0.22,0.04,90046780,144686625,26609440,14481194,224615506,91276530,61247640,377139676,3562,159924220.36188045,20080836.6,15085587.040000001,217215455.63811955,-93775007.00188045,-0.24864794920670308,105878.6288601909,0.4044235589787164,MO_PHONG,HCM_SIM_v1
